CustomerId,Date,Rating,RatingNum
1,30-05-2000,CCC+,7
1,31-12-2000,B+,6
2,21-05-2003,B+,6
3,30-12-1999,BB+,5
3,30-10-2000,B+,6
3,30-12-2001,BB+,5
4,30-12-2001,BB+,5
4,30-05-2002,B+,6
5,24-05-2000,AA+,2
5,30-05-2001,A+,3
5,30-10-2001,AA+,2
6,30-12-1999,BBB+,4
6,30-12-2001,BBB+,4
7,30-12-2002,BBB+,4
7,23-06-2003,BB+,5
7,30-12-2003,B+,6
7,21-05-2004,BB+,5
8,30-12-2002,A+,3
9,21-05-2000,AA+,2
9,30-12-2000,NR,0
10,30-12-2004,BB+,5
11,30-12-1999,B+,6
11,30-12-2001,CCC+,7
11,21-05-2002,D,8
11,30-09-2002,NR,0
12,30-12-2000,NR,0
13,30-12-1999,BBB+,4
13,30-05-2003,BB+,5
14,21-09-1999,BB+,5
14,30-12-1999,BB+,5
14,30-12-2001,BB+,5
14,26-05-2002,B+,6
14,21-05-2004,BB+,5
15,30-12-2003,BBB+,4
16,21-12-1999,AAA,1
16,30-06-2004,NR,0
17,30-06-1999,A+,3
18,21-06-1999,B+,6
18,22-06-2004,B+,6
19,30-12-1999,NR,0
20,30-12-2000,BB+,5
20,30-07-2001,B+,6
21,21-06-2000,AA+,2
22,30-12-2004,D,8
23,21-05-1999,NR,0
23,30-05-1999,BB+,5
23,30-08-2005,BB+,5
24,30-06-2000,NR,0
25,30-05-2000,BBB+,4
25,21-09-2000,A+,3
26,30-12-1999,BBB+,4
26,21-05-2004,BBB+,4
27,30-05-2004,AA+,2
28,30-12-2004,BBB+,4
29,30-11-2000,A+,3
30,30-12-2001,AAA,1
30,21-05-2003,A+,3
30,30-12-2003,BB+,5
30,30-12-2004,NR,0
31,30-05-2000,NR,0
32,21-09-2003,A+,3
33,26-05-2001,NR,0
34,30-05-2000,AA+,2
34,30-12-2002,A+,3
34,30-05-2003,A+,3
35,30-12-2002,A+,3
35,21-08-2004,A+,3
36,30-05-2000,BBB+,4
37,30-12-2004,AA+,2
38,30-12-2000,A+,3
38,30-10-2003,A+,3
39,21-05-2000,AA+,2
39,23-05-2002,AAA,1
40,30-11-1999,A+,3
40,21-12-2003,A+,3
40,30-12-2003,A+,3
41,21-07-2000,NR,0
42,30-06-2004,A+,3
43,30-05-2001,A+,3
43,21-06-2001,BBB+,4
43,21-05-2002,BBB+,4
43,21-05-2002,BB+,5
43,30-05-2002,B+,6
43,21-08-2004,BB+,5
43,30-05-2005,BB+,5
44,30-05-2005,BBB+,4
45,30-05-2002,AAA,1
46,30-05-1999,AA+,2
46,30-08-2001,AA+,2
46,30-12-2002,AA+,2
46,30-12-2003,A+,3
47,30-12-2002,BBB+,4
47,30-05-2003,BBB+,4
48,30-05-1999,BBB+,4
49,28-05-2002,NR,0
49,30-05-2002,AA+,2
50,22-05-2000,A+,3
51,30-05-2001,NR,0
52,30-11-1999,BBB+,4
52,21-12-1999,BBB+,4
52,30-05-2002,A+,3
53,30-05-2000,AA+,2
54,21-12-2000,B+,6
54,30-10-2001,CCC+,7
54,30-07-2002,D,8
54,30-12-2002,NR,0
55,27-05-2002,CCC+,7
55,30-12-2002,NR,0
56,30-05-2002,BB+,5
56,30-05-2003,B+,6
57,30-05-1999,A+,3
57,21-05-2001,A+,3
57,21-10-2004,NR,0
58,21-06-2004,AA+,2
59,30-05-2004,BBB+,4
60,28-07-1999,BB+,5
60,30-11-2000,BB+,5
60,30-12-2002,NR,0
61,27-08-2000,BBB+,4
62,21-05-1999,A+,3
62,30-12-2003,A+,3
63,30-09-1999,A+,3
63,30-05-2003,A+,3
64,30-07-2002,BB+,5
64,30-05-2003,BBB+,4
65,21-05-2000,BB+,5
65,30-05-2001,BB+,5
65,30-12-2002,BBB+,4
65,30-05-2004,BBB+,4
66,30-06-2004,BBB+,4
67,30-05-2000,A+,3
67,30-05-2003,A+,3
67,30-06-2004,BBB+,4
67,30-10-2004,BBB+,4
67,30-12-2004,BBB+,4
68,26-08-2004,BBB+,4
69,30-10-2000,A+,3
70,30-06-2000,A+,3
70,30-10-2002,BBB+,4
71,30-12-2004,BBB+,4
72,24-05-1999,BBB+,4
72,21-05-2002,BBB+,4
73,30-05-1999,BB+,5
73,30-12-2000,BB+,5
73,30-12-2002,BBB+,4
74,28-07-1999,BB+,5
74,30-05-2000,BB+,5
74,30-05-2002,BBB+,4
75,30-10-1999,A+,3
75,30-05-2003,A+,3
76,30-05-2002,A+,3
76,21-07-2003,A+,3
76,30-06-2004,NR,0
77,30-07-2001,BBB+,4
77,30-09-2003,B+,6
77,30-12-2003,B+,6
78,30-12-2002,AAA,1
79,30-05-2004,AA+,2
80,30-08-2001,A+,3
80,30-11-2002,NR,0
81,30-12-2001,A+,3
81,30-06-2002,BBB+,4
82,30-06-2001,BBB+,4
82,21-05-2003,BBB+,4
83,21-05-1999,BB+,5
83,30-12-1999,BB+,5
83,21-11-2001,B+,6
83,21-05-2002,B+,6
84,30-12-1999,B+,6
84,30-12-2003,NR,0
85,30-12-2004,BBB+,4
86,21-12-2000,BB+,5
86,30-12-2003,BB+,5
86,30-05-2004,B+,6
87,21-09-2002,A+,3
88,21-05-1999,BB+,5
88,21-05-2001,BB+,5
89,30-08-2001,BBB+,4
90,26-06-2000,NR,0
91,30-12-1999,AA+,2
91,30-05-2003,A+,3
91,30-12-2004,NR,0
92,21-05-1999,BB+,5
92,21-10-2003,BB+,5
92,30-12-2004,BBB+,4
93,21-06-2002,BBB+,4
93,30-12-2004,BBB+,4
94,30-05-2000,BBB+,4
95,30-05-2005,BBB+,4
96,30-12-2000,A+,3
97,21-06-2001,BB+,5
97,30-09-2001,BBB+,4
97,30-12-2004,BB+,5
98,24-05-2002,A+,3
99,30-10-2002,NR,0
100,21-05-1999,BBB+,4
100,30-11-2000,BBB+,4
100,30-12-2003,A+,3
101,30-12-2002,A+,3
102,30-07-2003,NR,0
103,30-05-1999,A+,3
103,30-11-1999,NR,0
104,30-12-1999,A+,3
104,30-12-2002,NR,0
105,30-12-1999,A+,3
106,30-09-2002,BBB+,4
106,30-05-2003,B+,6
106,30-11-2003,BB+,5
107,21-05-1999,BBB+,4
107,21-05-2001,BBB+,4
108,30-12-1999,A+,3
108,30-12-2003,A+,3
109,30-05-2003,NR,0
110,30-05-2000,A+,3
111,30-12-2001,AA+,2
111,30-12-2001,AA+,2
112,30-12-2004,BB+,5
113,30-05-1999,BBB+,4
113,21-05-2001,BBB+,4
114,30-12-2002,A+,3
115,30-06-1999,A+,3
115,30-12-2003,A+,3
116,30-05-1999,BBB+,4
116,29-05-2000,A+,3
116,30-05-2004,A+,3
117,30-05-1999,BBB+,4
117,21-07-2000,A+,3
118,21-05-2005,A+,3
118,21-05-2005,BBB+,4
119,30-05-2003,NR,0
120,21-05-1999,BBB+,4
120,30-12-1999,BBB+,4
121,21-09-2004,BBB+,4
122,28-06-2000,A+,3
122,21-10-2003,AA+,2
123,30-05-2003,A+,3
123,21-05-2004,A+,3
124,21-09-1999,A+,3
125,30-12-1999,AA+,2
126,30-05-2002,BB+,5
126,30-07-2004,BBB+,4
127,30-10-1999,BB+,5
127,30-12-1999,BB+,5
127,30-12-1999,B+,6
127,30-07-2004,BB+,5
128,30-11-1999,AA+,2
128,30-12-2002,A+,3
128,30-11-2003,NR,0
129,21-05-2004,A+,3
130,30-09-2002,NR,0
131,24-08-2004,NR,0
132,30-12-2000,A+,3
132,21-05-2001,A+,3
133,30-10-2003,NR,0
134,28-05-1999,AA+,2
134,22-05-2000,AA+,2
134,29-05-2004,AA+,2
135,30-05-2000,A+,3
135,21-06-2001,A+,3
136,30-11-2003,A+,3
136,21-06-2004,NR,0
137,24-05-2001,BBB+,4
138,21-05-2000,NR,0
139,30-12-1999,A+,3
139,30-05-2001,BBB+,4
140,30-05-2005,A+,3
141,30-12-2003,NR,0
142,30-12-2001,BB+,5
142,30-05-2004,BBB+,4
143,30-12-1999,BBB+,4
143,30-05-2000,A+,3
143,21-08-2002,A+,3
144,21-05-2003,BBB+,4
145,30-05-2000,A+,3
146,30-06-2001,AAA,1
147,21-08-2000,AA+,2
147,29-05-2002,NR,0
148,21-05-2000,A+,3
149,30-10-2002,BBB+,4
149,30-12-2003,A+,3
150,26-05-2001,AA+,2
150,30-06-2001,AA+,2
150,28-05-2004,AA+,2
151,30-05-2000,NR,0
152,30-05-2003,AA+,2
153,30-11-2000,BBB+,4
154,30-05-2002,AAA,1
155,30-08-2003,BBB+,4
156,30-12-1999,B+,6
156,21-05-2000,CCC+,7
156,30-05-2000,B+,6
156,30-05-2003,CCC+,7
156,30-05-2004,B+,6
156,30-11-2004,B+,6
157,21-08-2002,A+,3
157,21-11-2002,A+,3
157,30-12-2003,A+,3
157,30-09-2004,NR,0
158,21-06-1999,NR,0
159,30-05-1999,NR,0
159,30-05-1999,BB+,5
159,30-09-2003,NR,0
160,21-05-2001,AA+,2
160,30-12-2003,A+,3
161,28-05-1999,B+,6
161,21-07-2000,B+,6
161,21-05-2002,CCC+,7
161,21-07-2002,NR,0
161,30-12-2002,B+,6
161,30-12-2002,CCC+,7
162,30-05-1999,B+,6
162,24-10-1999,B+,6
163,30-12-2002,A+,3
164,30-12-1999,NR,0
165,30-05-2002,B+,6
165,30-08-2003,CCC+,7
165,30-05-2004,B+,6
166,30-09-2000,A+,3
166,30-12-2002,A+,3
166,30-12-2002,BBB+,4
166,30-12-2002,BB+,5
166,30-12-2003,BB+,5
167,21-05-1999,BBB+,4
167,30-06-2004,A+,3
168,21-08-2004,BBB+,4
169,30-05-2000,AA+,2
169,30-09-2000,AA+,2
170,30-05-2001,A+,3
170,30-12-2001,A+,3
170,21-06-2003,BBB+,4
170,30-12-2004,BB+,5
170,30-12-2004,NR,0
171,30-05-2000,A+,3
171,30-12-2004,A+,3
172,21-10-2003,A+,3
173,30-12-2001,AA+,2
173,30-05-2002,A+,3
173,21-05-2003,NR,0
173,30-06-2004,AA+,2
174,30-12-1999,NR,0
175,30-12-2004,BBB+,4
176,30-06-1999,BB+,5
176,21-05-2000,BB+,5
176,30-05-2002,BBB+,4
176,30-07-2002,NR,0
177,21-05-2005,AA+,2
177,30-05-2005,AA+,2
178,30-12-2001,NR,0
179,30-12-2001,NR,0
180,25-05-2005,AA+,2
181,30-07-2004,BBB+,4
181,21-05-2005,A+,3
182,21-05-2001,A+,3
182,30-12-2003,A+,3
183,30-05-2004,NR,0
184,30-05-2003,A+,3
185,21-07-2004,A+,3
186,30-07-1999,AAA,1
186,21-05-2001,NR,0
187,24-08-2000,AA+,2
187,30-10-2003,AA+,2
188,30-12-2000,A+,3
189,30-07-2002,BBB+,4
190,30-10-2003,A+,3
190,21-07-2004,NR,0
191,30-05-2002,A+,3
191,30-10-2002,BBB+,4
191,30-12-2002,BBB+,4
191,30-12-2002,BB+,5
192,30-06-2000,A+,3
192,21-05-2001,A+,3
193,30-12-1999,AA+,2
193,30-11-2003,NR,0
194,30-10-2002,A+,3
194,21-05-2003,A+,3
195,30-12-2000,BBB+,4
195,30-10-2002,BBB+,4
195,30-05-2005,BBB+,4
196,26-05-1999,BB+,5
196,30-08-2001,NR,0
197,30-12-2003,AA+,2
198,29-12-1999,BBB+,4
198,30-05-2003,BB+,5
199,30-10-2002,AA+,2
199,30-12-2002,NR,0
200,30-05-1999,BBB+,4
201,30-12-2004,BBB+,4
202,21-06-1999,BB+,5
202,21-09-1999,BB+,5
202,30-12-2001,BB+,5
203,30-05-2003,B+,6
203,30-05-2004,B+,6
204,21-08-2001,A+,3
204,30-05-2002,A+,3
204,30-05-2002,BBB+,4
204,21-08-2002,B+,6
204,21-09-2002,BB+,5
204,30-12-2002,BBB+,4
204,21-06-2004,NR,0
205,30-06-2002,NR,0
206,21-06-2000,BBB+,4
206,30-07-2001,BBB+,4
206,30-10-2004,BB+,5
207,21-12-2001,AAA,1
207,21-05-2002,NR,0
208,21-06-2002,B+,6
208,30-09-2002,B+,6
208,30-12-2002,BB+,5
209,21-05-2001,NR,0
210,26-06-2004,NR,0
211,27-07-1999,AA+,2
211,21-05-2001,AA+,2
211,30-12-2003,AA+,2
212,30-12-2004,BBB+,4
213,30-05-2002,BBB+,4
214,30-05-1999,BBB+,4
214,30-10-2002,BBB+,4
215,21-05-2002,A+,3
216,21-05-1999,AA+,2
216,30-12-2002,AAA,1
217,30-11-2004,NR,0
218,21-05-2002,BB+,5
218,30-12-2003,NR,0
219,30-11-2003,A+,3
220,30-08-2000,BBB+,4
221,30-12-1999,BBB+,4
222,21-09-2000,A+,3
222,21-06-2003,A+,3
223,21-07-2002,BBB+,4
224,30-10-2000,BB+,5
224,30-12-2001,BB+,5
224,30-09-2003,B+,6
224,30-06-2004,B+,6
225,21-05-1999,NR,0
226,30-05-1999,BBB+,4
226,30-12-2004,A+,3
226,30-09-2005,NR,0
227,30-12-2003,A+,3
228,30-11-1999,D,8
228,21-07-2000,NR,0
229,30-12-2000,A+,3
229,21-05-2001,A+,3
230,30-11-2002,BBB+,4
230,30-12-2002,BBB+,4
230,21-12-2004,A+,3
231,30-05-1999,NR,0
231,30-12-2001,A+,3
231,30-05-2003,BBB+,4
231,21-05-2004,BBB+,4
231,30-12-2005,BBB+,4
232,30-12-1999,A+,3
233,30-05-2001,BBB+,4
234,22-09-2000,NR,0
234,30-10-2000,AA+,2
235,30-12-1999,BBB+,4
236,30-12-2001,NR,0
237,30-12-2000,A+,3
238,30-05-2000,A+,3
238,21-05-2001,A+,3
238,30-12-2001,A+,3
239,21-05-2001,A+,3
239,30-12-2002,A+,3
240,30-12-2000,BB+,5
240,21-06-2001,NR,0
241,21-05-1999,BB+,5
241,22-07-2000,BBB+,4
241,21-10-2001,BBB+,4
241,30-12-2002,A+,3
242,21-09-2002,BB+,5
242,30-12-2004,A+,3
243,21-05-2000,A+,3
243,30-12-2004,A+,3
244,21-05-1999,BBB+,4
244,21-10-2004,A+,3
245,30-12-1999,CCC+,7
245,30-08-2003,NR,0
246,30-05-2000,A+,3
246,21-08-2001,BBB+,4
246,30-07-2002,BBB+,4
246,30-12-2003,NR,0
247,21-05-1999,A+,3
247,21-08-2001,BBB+,4
247,30-12-2001,A+,3
247,25-05-2002,BBB+,4
248,21-05-2001,BBB+,4
248,21-05-2001,BB+,5
248,21-05-2001,BB+,5
248,30-12-2002,BB+,5
248,21-05-2003,B+,6
248,30-06-2005,BB+,5
249,21-11-2001,BB+,5
249,30-09-2002,B+,6
249,30-05-2003,B+,6
250,30-11-2000,A+,3
250,30-05-2001,NR,0
250,30-12-2001,BBB+,4
251,21-05-1999,B+,6
251,21-12-2000,B+,6
251,30-05-2001,B+,6
251,30-10-2004,B+,6
251,30-12-2004,B+,6
252,30-12-2000,BBB+,4
252,30-11-2002,BBB+,4
253,21-05-2000,BB+,5
254,21-08-2001,B+,6
254,30-05-2003,B+,6
255,30-05-2001,BB+,5
255,30-11-2003,B+,6
256,21-05-1999,A+,3
256,30-05-2001,BBB+,4
257,21-10-2001,BBB+,4
257,30-12-2003,BBB+,4
257,30-08-2004,BBB+,4
257,30-10-2005,BB+,5
258,30-07-2001,A+,3
259,30-12-1999,BB+,5
259,30-12-2000,BB+,5
259,30-12-2001,B+,6
259,23-05-2004,BB+,5
260,21-08-1999,NR,0
261,30-05-2002,A+,3
261,30-05-2003,BBB+,4
261,30-12-2003,BBB+,4
262,30-10-2000,AA+,2
262,30-12-2002,AAA,1
263,21-05-2002,BB+,5
263,30-11-2002,B+,6
264,21-05-2000,A+,3
264,21-06-2001,BBB+,4
264,30-10-2005,BB+,5
265,21-05-2000,D,8
266,21-05-2000,BBB+,4
266,29-06-2001,BBB+,4
266,30-06-2002,A+,3
267,30-05-2004,A+,3
268,29-07-1999,B+,6
268,30-06-2001,CCC+,7
268,30-12-2001,NR,0
269,21-05-2000,BBB+,4
269,25-08-2002,B+,6
269,21-09-2002,BB+,5
269,30-05-2003,B+,6
269,21-05-2005,B+,6
270,21-06-2002,BB+,5
270,30-12-2003,BB+,5
271,30-12-2000,A+,3
271,30-07-2001,AA+,2
272,21-05-2001,A+,3
272,21-05-2002,BBB+,4
273,30-05-2001,BBB+,4
273,21-05-2003,BB+,5
273,30-05-2003,BBB+,4
273,21-05-2004,BB+,5
274,30-09-2001,A+,3
275,30-06-1999,AA+,2
276,30-05-1999,AA+,2
277,26-05-2005,AA+,2
278,30-07-1999,NR,0
279,30-08-2000,BB+,5
279,21-05-2001,BBB+,4
279,21-05-2002,NR,0
280,21-10-2001,BBB+,4
280,30-05-2002,BBB+,4
280,30-09-2003,BBB+,4
280,30-12-2003,BB+,5
280,26-05-2004,B+,6
281,21-05-1999,BB+,5
281,30-12-2000,BBB+,4
281,21-08-2001,BBB+,4
281,21-05-2002,NR,0
282,30-12-2001,A+,3
283,30-12-2000,A+,3
283,21-05-2001,BBB+,4
283,30-05-2002,BBB+,4
283,30-12-2002,BB+,5
283,21-05-2003,B+,6
283,21-05-2005,B+,6
284,30-07-2000,NR,0
285,30-12-1999,B+,6
286,21-08-2001,A+,3
287,21-05-2001,A+,3
287,21-05-2002,BBB+,4
288,21-05-2001,A+,3
289,30-11-2002,A+,3
290,21-11-2003,BBB+,4
291,30-12-2001,AAA,1
292,30-10-1999,BBB+,4
292,30-09-2001,BBB+,4
292,30-11-2001,NR,0
293,21-06-1999,BBB+,4
293,30-10-2002,BBB+,4
293,30-12-2003,BBB+,4
293,22-05-2004,BB+,5
294,21-08-2002,BB+,5
294,21-08-2002,CCC+,7
294,21-09-2002,BB+,5
294,21-11-2003,NR,0
295,30-05-2001,B+,6
295,21-07-2001,CCC+,7
295,21-07-2001,D,8
295,30-12-2003,CCC+,7
295,21-05-2004,CCC+,7
296,30-12-2001,B+,6
296,30-05-2002,B+,6
296,27-05-2003,CCC+,7
297,21-10-1999,NR,0
298,21-10-2002,AA+,2
298,30-05-2003,NR,0
299,30-12-1999,A+,3
299,30-09-2000,NR,0
300,30-05-2005,BBB+,4
301,30-11-2001,BBB+,4
301,30-12-2002,BBB+,4
301,30-06-2003,BBB+,4
302,30-05-1999,BBB+,4
302,30-05-2003,NR,0
303,21-10-2003,BB+,5
303,21-09-2004,BB+,5
304,30-11-2001,AA+,2
304,30-12-2001,AAA,1
304,30-05-2005,AA+,2
304,30-05-2005,AA+,2
305,30-06-2001,BBB+,4
305,30-08-2001,BBB+,4
305,30-12-2001,BB+,5
305,25-05-2002,BB+,5
306,30-05-1999,BBB+,4
307,30-05-2003,A+,3
308,30-05-2005,AA+,2
308,30-05-2005,AA+,2
309,30-05-1999,BBB+,4
309,24-05-2001,NR,0
310,21-09-2001,BBB+,4
310,30-12-2002,NR,0
311,30-12-2001,BBB+,4
311,21-05-2002,NR,0
312,24-05-1999,NR,0
312,30-07-1999,B+,6
313,21-07-2002,AA+,2
313,30-05-2003,A+,3
314,24-10-1999,CCC+,7
315,21-05-2005,BB+,5
316,21-11-2004,BBB+,4
317,30-05-2001,D,8
317,22-06-2001,B+,6
317,30-12-2001,CCC+,7
317,30-12-2001,CCC+,7
317,21-11-2003,NR,0
318,30-12-2000,BB+,5
318,30-12-2004,BBB+,4
319,30-08-2003,BBB+,4
320,30-07-1999,CCC+,7
320,30-12-1999,CCC+,7
320,30-12-2000,NR,0
321,21-09-2000,A+,3
321,30-07-2005,NR,0
322,21-05-1999,A+,3
322,30-07-2001,BBB+,4
322,24-07-2003,BBB+,4
323,30-11-1999,A+,3
323,30-05-2000,A+,3
323,30-05-2001,A+,3
323,30-12-2004,BB+,5
324,30-05-2004,A+,3
325,30-10-1999,B+,6
325,21-05-2000,B+,6
325,30-05-2000,B+,6
325,21-05-2001,CCC+,7
325,30-06-2001,CCC+,7
325,26-08-2001,NR,0
326,21-07-2004,A+,3
327,21-05-2001,A+,3
327,30-08-2005,NR,0
328,30-05-1999,B+,6
328,21-05-2000,BB+,5
328,21-08-2004,BB+,5
329,30-11-2001,BBB+,4
329,30-12-2001,BB+,5
329,30-12-2001,B+,6
329,21-06-2002,B+,6
329,30-10-2003,CCC+,7
330,21-06-2003,B+,6
331,30-11-1999,B+,6
331,30-12-2000,CCC+,7
332,30-08-2000,A+,3
332,30-12-2004,NR,0
333,21-05-1999,NR,0
334,30-05-1999,B+,6
334,21-06-1999,D,8
334,30-11-1999,BB+,5
334,26-05-2001,BB+,5
335,30-08-2001,BBB+,4
335,30-12-2003,A+,3
336,30-05-2003,BBB+,4
337,30-11-2002,BBB+,4
338,26-05-2000,A+,3
338,21-10-2004,A+,3
339,30-07-1999,A+,3
339,30-11-1999,BBB+,4
339,21-05-2001,BBB+,4
339,30-12-2001,BBB+,4
339,30-09-2005,BBB+,4
340,30-05-1999,BB+,5
340,21-09-2003,B+,6
341,21-05-2004,AA+,2
342,30-12-1999,B+,6
342,21-05-2001,B+,6
342,21-08-2001,CCC+,7
342,21-09-2001,D,8
342,30-11-2001,CCC+,7
342,30-12-2001,B+,6
342,30-12-2003,CCC+,7
343,30-09-2002,BBB+,4
343,21-09-2004,A+,3
344,30-05-2001,BBB+,4
345,30-05-1999,BB+,5
345,21-05-2000,BB+,5
345,30-12-2000,NR,0
345,21-05-2002,BB+,5
345,30-05-2005,NR,0
346,30-12-2001,BBB+,4
346,30-12-2002,BB+,5
347,30-12-2004,BBB+,4
348,21-05-1999,A+,3
348,30-06-2004,A+,3
349,30-12-1999,NR,0
350,30-07-1999,B+,6
350,21-10-1999,BB+,5
350,30-12-2001,B+,6
350,30-05-2003,B+,6
350,30-12-2003,B+,6
350,21-08-2004,NR,0
351,30-05-2000,BBB+,4
351,30-12-2000,B+,6
351,30-12-2000,D,8
351,30-05-2002,NR,0
352,30-05-2001,BBB+,4
352,30-12-2002,BBB+,4
353,28-05-2000,A+,3
353,24-05-2004,NR,0
354,21-06-2000,BBB+,4
354,30-11-2001,BBB+,4
354,30-06-2004,BB+,5
355,30-12-1999,B+,6
355,26-08-2001,D,8
356,21-05-2002,A+,3
356,30-12-2003,BBB+,4
356,30-12-2004,BBB+,4
357,30-08-2000,AA+,2
357,30-12-2000,A+,3
357,21-10-2001,AA+,2
358,30-12-1999,BBB+,4
358,21-05-2001,BBB+,4
358,30-05-2002,NR,0
358,30-09-2002,BBB+,4
359,30-12-1999,NR,0
360,30-12-2001,AA+,2
361,30-07-2003,BBB+,4
362,21-07-2000,A+,3
363,30-10-2003,NR,0
364,30-05-2001,A+,3
364,30-07-2003,BBB+,4
365,21-11-2002,AA+,2
366,21-05-2000,BB+,5
366,21-05-2000,NR,0
367,28-05-2000,NR,0
368,30-12-1999,B+,6
368,30-06-2002,NR,0
369,30-05-2002,AAA,1
370,30-05-1999,NR,0
371,30-12-2000,AAA,1
372,30-06-1999,A+,3
372,21-07-2000,A+,3
372,21-10-2000,AA+,2
372,30-05-2001,AA+,2
372,30-12-2003,NR,0
373,21-05-1999,A+,3
373,30-05-2000,AA+,2
373,30-12-2000,A+,3
373,21-07-2001,AA+,2
374,30-12-2000,AA+,2
375,30-11-2004,AA+,2
376,21-09-1999,A+,3
376,21-05-2001,BBB+,4
376,21-05-2002,BBB+,4
376,30-12-2003,BB+,5
377,21-05-2003,BBB+,4
378,30-12-2003,BBB+,4
379,27-11-2003,AA+,2
380,24-06-2000,A+,3
381,21-11-2003,AA+,2
381,30-12-2004,NR,0
382,30-05-2000,A+,3
382,30-09-2001,AA+,2
383,21-07-2000,NR,0
384,30-07-2002,NR,0
385,30-05-2005,BB+,5
386,30-12-1999,B+,6
386,21-10-2001,B+,6
386,21-05-2003,B+,6
386,30-12-2004,B+,6
386,30-06-2005,CCC+,7
387,30-12-1999,A+,3
388,21-07-2002,A+,3
389,30-05-1999,A+,3
389,30-05-2002,A+,3
390,21-05-1999,AA+,2
390,22-10-2002,A+,3
390,30-12-2003,AA+,2
391,21-09-2000,A+,3
391,30-12-2002,AA+,2
391,21-05-2004,NR,0
392,30-12-2000,A+,3
393,30-12-2000,B+,6
393,30-12-2001,BB+,5
393,30-12-2002,BB+,5
393,21-09-2004,BB+,5
394,21-07-2004,B+,6
394,21-08-2004,BB+,5
395,21-06-1999,NR,0
396,30-12-2000,BBB+,4
396,30-12-2001,A+,3
396,27-05-2005,A+,3
397,21-05-2002,A+,3
398,21-06-2001,AA+,2
399,27-05-1999,A+,3
399,21-05-2004,NR,0
400,21-05-2002,BBB+,4
400,30-12-2002,NR,0
401,21-05-1999,BBB+,4
401,21-05-2004,A+,3
401,21-09-2004,A+,3
402,30-12-1999,NR,0
403,30-10-1999,BBB+,4
403,21-05-2004,BBB+,4
403,30-05-2005,A+,3
404,21-05-2000,AA+,2
405,30-05-2000,AA+,2
406,30-05-1999,CCC+,7
406,30-05-1999,D,8
406,30-08-2001,NR,0
407,21-05-2003,NR,0
408,30-12-2003,NR,0
409,30-12-2002,A+,3
409,30-12-2004,AA+,2
410,30-05-1999,NR,0
411,21-05-1999,B+,6
411,30-12-1999,B+,6
411,30-12-2001,B+,6
411,30-09-2003,NR,0
412,24-05-1999,BB+,5
412,30-08-2000,BBB+,4
412,30-11-2002,BBB+,4
412,30-12-2003,NR,0
413,30-05-1999,A+,3
413,30-12-2000,AA+,2
414,21-05-2003,AA+,2
414,30-08-2004,AA+,2
415,30-07-1999,AA+,2
416,21-05-2001,A+,3
417,30-09-2000,A+,3
418,30-12-2001,AA+,2
419,30-12-2001,AA+,2
420,30-10-1999,NR,0
421,30-12-2000,BBB+,4
421,30-08-2002,BB+,5
422,21-06-1999,BB+,5
422,30-05-2000,BBB+,4
422,21-07-2001,BBB+,4
422,28-05-2002,BBB+,4
423,30-12-2004,BBB+,4
424,27-12-2000,AA+,2
424,21-05-2003,A+,3
425,30-05-2000,AA+,2
425,30-12-2002,A+,3
425,30-05-2003,A+,3
426,30-12-2001,A+,3
426,30-12-2003,A+,3
427,30-10-2000,A+,3
428,30-10-2001,A+,3
429,30-06-2002,BBB+,4
430,30-10-2000,AA+,2
430,21-06-2002,A+,3
430,21-05-2003,A+,3
431,30-11-2000,AA+,2
431,30-05-2002,A+,3
431,30-07-2003,A+,3
432,30-09-2001,A+,3
433,27-10-1999,BB+,5
433,30-12-2000,B+,6
433,30-12-2001,BB+,5
433,25-07-2002,BB+,5
433,21-05-2003,NR,0
434,30-12-2003,A+,3
435,21-05-2001,AA+,2
435,30-12-2001,A+,3
435,21-05-2002,BBB+,4
435,22-05-2002,BB+,5
435,30-07-2002,A+,3
435,30-12-2002,BBB+,4
435,30-12-2002,B+,6
435,30-12-2004,BB+,5
436,30-12-2001,BBB+,4
437,30-12-2001,B+,6
437,30-12-2003,NR,0
438,30-05-1999,A+,3
439,30-05-1999,BBB+,4
439,30-12-2002,BB+,5
439,30-08-2003,BB+,5
439,21-05-2004,B+,6
439,30-05-2004,NR,0
440,30-05-2000,NR,0
441,30-12-2002,A+,3
441,30-11-2005,NR,0
442,21-10-2002,A+,3
443,22-05-1999,A+,3
443,21-05-2000,A+,3
443,21-05-2000,A+,3
443,30-05-2000,NR,0
443,30-12-2000,A+,3
444,30-08-2000,AA+,2
444,21-05-2003,A+,3
444,30-12-2004,A+,3
445,21-09-1999,BBB+,4
446,30-05-2000,AA+,2
446,30-12-2003,A+,3
446,30-05-2004,A+,3
447,30-06-2002,AA+,2
448,26-05-2005,BBB+,4
449,21-05-2003,A+,3
450,30-06-1999,BB+,5
450,30-12-1999,BBB+,4
450,30-08-2000,BB+,5
450,30-08-2000,BB+,5
450,21-05-2002,BB+,5
450,30-12-2004,NR,0
451,21-08-1999,BB+,5
452,30-12-2000,B+,6
452,27-05-2001,CCC+,7
452,21-10-2001,CCC+,7
452,30-12-2001,D,8
452,21-05-2002,NR,0
453,30-05-2000,B+,6
454,21-08-1999,B+,6
454,21-06-2003,BB+,5
455,30-12-2002,BBB+,4
456,30-10-2002,NR,0
456,30-10-2004,B+,6
457,27-05-1999,B+,6
457,21-07-2001,CCC+,7
457,30-12-2004,B+,6
458,30-12-2003,BB+,5
458,30-06-2004,BBB+,4
459,21-09-2001,A+,3
459,21-12-2003,A+,3
460,21-05-2003,B+,6
461,21-05-2001,NR,0
462,30-08-1999,A+,3
462,21-05-2004,A+,3
463,30-05-2000,NR,0
464,30-08-2003,AA+,2
465,21-05-2001,BB+,5
465,21-05-2002,B+,6
465,21-09-2002,B+,6
466,30-10-2004,NR,0
467,30-12-2002,BBB+,4
467,30-12-2002,A+,3
468,30-12-2000,BB+,5
469,25-05-2000,A+,3
469,30-12-2002,A+,3
470,21-08-1999,A+,3
470,30-12-1999,A+,3
471,30-05-2000,BBB+,4
471,30-12-2002,BB+,5
471,21-05-2004,BB+,5
471,21-07-2004,BB+,5
472,30-05-2001,AA+,2
472,30-11-2005,AA+,2
473,30-08-1999,BBB+,4
473,28-08-2001,BBB+,4
473,21-05-2003,BBB+,4
474,30-05-2000,B+,6
474,30-10-2002,B+,6
474,21-09-2004,B+,6
475,21-08-2004,AA+,2
476,30-11-2000,BBB+,4
476,21-10-2001,BBB+,4
476,30-12-2004,A+,3
477,30-05-2002,AA+,2
477,21-05-2003,A+,3
478,21-05-2004,AA+,2
479,24-06-1999,A+,3
479,21-05-2003,BBB+,4
479,30-12-2004,BBB+,4
480,21-07-1999,A+,3
480,21-05-2003,BBB+,4
480,30-12-2004,BBB+,4
481,30-06-2000,A+,3
481,21-10-2001,BBB+,4
481,30-05-2002,BB+,5
482,24-05-1999,AA+,2
483,21-05-2000,A+,3
484,30-12-2002,A+,3
484,30-05-2003,BBB+,4
485,21-05-2004,NR,0
486,30-12-2001,B+,6
486,21-05-2003,NR,0
487,21-09-2000,A+,3
487,25-05-2001,BBB+,4
488,30-12-2000,A+,3
489,28-12-2002,A+,3
489,30-12-2002,A+,3
489,25-10-2004,A+,3
490,21-09-2003,NR,0
491,22-05-2004,A+,3
492,30-05-2001,BBB+,4
492,21-10-2004,NR,0
493,30-06-2003,A+,3
494,22-06-2003,BB+,5
494,30-10-2004,NR,0
495,21-05-1999,BB+,5
495,30-05-1999,B+,6
495,29-06-2004,B+,6
496,30-10-2002,BBB+,4
497,30-12-2000,AA+,2
498,21-07-2004,B+,6
499,21-11-1999,NR,0
499,30-12-1999,D,8
500,21-05-2003,BB+,5
500,30-05-2004,BB+,5
501,30-12-1999,BB+,5
501,21-05-2000,BB+,5
501,30-05-2000,B+,6
501,30-05-2001,CCC+,7
501,30-12-2001,NR,0
502,30-12-2002,B+,6
502,30-05-2003,NR,0
503,21-05-1999,A+,3
503,30-12-2003,AA+,2
504,21-08-1999,BB+,5
504,22-05-2000,BBB+,4
504,21-11-2001,BB+,5
504,21-06-2003,B+,6
505,30-05-1999,BB+,5
505,30-05-2000,NR,0
506,30-09-2003,NR,0
507,21-09-1999,A+,3
507,30-12-2001,A+,3
508,30-12-2003,NR,0
509,30-12-2002,BBB+,4
509,30-05-2003,BBB+,4
509,30-12-2003,BBB+,4
510,30-11-2000,A+,3
511,21-05-2003,BBB+,4
512,21-09-2002,BBB+,4
513,21-05-2000,BBB+,4
513,30-12-2003,BBB+,4
514,21-05-2003,AA+,2
515,26-05-1999,AAA,1
515,30-08-2001,NR,0
516,30-05-2001,AA+,2
517,30-05-1999,BBB+,4
518,30-12-2002,AA+,2
518,21-05-2003,NR,0
519,30-12-1999,A+,3
519,21-05-2002,NR,0
520,30-12-2002,A+,3
520,21-05-2004,A+,3
521,30-05-2001,A+,3
522,30-05-2000,A+,3
522,30-12-2003,BBB+,4
523,21-05-1999,BB+,5
523,21-05-2001,BBB+,4
523,30-05-2001,NR,0
524,21-05-2000,AA+,2
524,30-05-2002,AAA,1
525,30-10-2003,BBB+,4
526,21-10-2002,A+,3
526,30-12-2004,A+,3
527,24-06-2004,A+,3
527,30-12-2004,BBB+,4
528,28-05-2000,BB+,5
528,30-12-2000,BBB+,4
528,30-09-2002,NR,0
529,30-12-2004,A+,3
530,21-06-1999,B+,6
530,30-07-1999,BB+,5
530,30-05-2000,CCC+,7
530,21-08-2000,D,8
530,21-05-2001,NR,0
530,21-05-2003,CCC+,7
530,30-09-2004,B+,6
531,30-12-2003,AA+,2
531,21-11-2004,AA+,2
532,30-12-2002,A+,3
533,30-12-2000,BBB+,4
534,30-10-2002,A+,3
535,30-12-2000,BBB+,4
535,30-05-2002,BBB+,4
536,21-05-1999,A+,3
536,21-05-2001,AA+,2
536,21-05-2004,AA+,2
537,21-06-2001,NR,0
538,21-06-1999,BBB+,4
538,30-07-2000,BBB+,4
538,30-08-2001,BBB+,4
538,21-07-2004,BBB+,4
539,21-05-2002,BBB+,4
539,30-12-2004,BBB+,4
540,30-12-2003,A+,3
540,30-05-2004,A+,3
541,30-12-2001,BB+,5
541,21-05-2003,B+,6
542,30-05-2001,A+,3
542,30-12-2002,A+,3
543,21-07-1999,NR,0
543,30-09-1999,BB+,5
544,23-11-2000,A+,3
544,21-10-2002,NR,0
545,30-11-2002,A+,3
546,30-07-2001,BBB+,4
546,30-12-2004,BBB+,4
547,30-05-2001,B+,6
547,30-12-2001,B+,6
547,30-05-2003,NR,0
547,30-11-2003,D,8
548,30-12-2000,A+,3
549,30-11-2003,A+,3
550,30-05-1999,A+,3
550,30-12-2002,NR,0
551,21-07-2000,NR,0
551,21-06-2002,A+,3
551,30-12-2003,AA+,2
552,30-05-2002,BBB+,4
552,30-07-2002,A+,3
553,21-05-2000,B+,6
553,27-05-2002,D,8
553,30-05-2002,NR,0
553,30-09-2002,CCC+,7
553,30-12-2002,B+,6
554,21-07-2000,BBB+,4
555,21-05-2001,BB+,5
555,30-12-2001,B+,6
555,30-12-2003,CCC+,7
556,30-12-2001,BB+,5
556,30-05-2005,B+,6
557,23-09-2001,A+,3
557,30-12-2003,A+,3
558,30-12-1999,B+,6
558,21-05-2002,B+,6
559,30-10-1999,B+,6
559,30-12-1999,B+,6
559,21-05-2001,B+,6
559,21-08-2002,CCC+,7
559,30-12-2002,B+,6
559,21-05-2003,CCC+,7
559,21-10-2003,B+,6
559,30-10-2003,NR,0
560,21-08-2002,A+,3
560,21-05-2004,AA+,2
561,21-08-2002,AA+,2
561,30-12-2004,AA+,2
562,21-07-2002,A+,3
562,30-12-2004,AA+,2
563,30-05-2002,AA+,2
563,30-09-2003,NR,0
564,30-10-1999,BBB+,4
564,30-08-2000,A+,3
564,21-08-2004,A+,3
565,21-05-2004,NR,0
566,30-12-2002,AA+,2
567,21-12-2002,AA+,2
568,30-12-2002,AA+,2
569,30-11-2002,A+,3
570,30-12-2002,AA+,2
571,30-05-1999,BB+,5
571,30-12-2000,BB+,5
571,21-10-2001,B+,6
572,30-12-2004,BBB+,4
573,30-05-1999,NR,0
573,21-08-1999,BB+,5
573,30-08-2000,NR,0
574,30-05-2003,A+,3
575,30-08-2001,A+,3
575,30-12-2001,AA+,2
576,28-05-1999,BBB+,4
577,21-05-1999,A+,3
577,30-12-2000,A+,3
577,21-05-2001,A+,3
578,21-05-1999,A+,3
578,21-12-2000,A+,3
578,21-05-2001,A+,3
579,21-05-2000,AA+,2
579,21-11-2002,A+,3
579,30-06-2003,NR,0
580,30-05-2000,AA+,2
580,21-11-2002,A+,3
581,23-07-2001,B+,6
581,21-05-2004,BB+,5
581,21-12-2004,BB+,5
582,21-09-2003,A+,3
583,30-12-1999,BB+,5
583,30-07-2003,B+,6
583,30-07-2005,B+,6
584,30-06-2003,BBB+,4
585,23-05-1999,BBB+,4
585,30-12-2001,BBB+,4
585,30-12-2003,BBB+,4
585,30-05-2005,BB+,5
586,21-05-2001,BBB+,4
586,22-05-2002,BB+,5
587,30-07-2002,BB+,5
587,30-10-2003,BB+,5
588,21-05-2001,B+,6
588,23-10-2002,B+,6
588,21-06-2003,CCC+,7
588,21-05-2004,CCC+,7
589,30-12-2000,BB+,5
590,21-05-2003,BB+,5
590,30-12-2004,BB+,5
591,29-06-2001,AA+,2
592,30-05-1999,BBB+,4
592,30-12-2001,BBB+,4
592,29-05-2004,NR,0
593,30-12-1999,BBB+,4
593,30-05-2002,BBB+,4
593,21-10-2002,CCC+,7
593,30-11-2002,BB+,5
593,30-12-2003,BB+,5
594,28-05-2000,A+,3
595,21-08-2000,BBB+,4
595,21-05-2004,BB+,5
595,30-12-2004,BBB+,4
596,30-12-1999,CCC+,7
596,21-09-2000,B+,6
596,21-07-2003,B+,6
597,21-05-1999,BBB+,4
597,30-10-2001,NR,0
598,30-05-2001,CCC+,7
598,30-12-2001,D,8
599,23-05-2003,A+,3
600,29-05-2003,A+,3
601,30-12-2002,BBB+,4
601,21-05-2005,BBB+,4
602,30-05-2000,BB+,5
602,21-08-2001,BBB+,4
603,30-12-2004,A+,3
604,30-05-1999,BBB+,4
604,30-07-2002,BBB+,4
604,30-12-2002,BBB+,4
604,30-12-2002,BB+,5
604,30-05-2003,CCC+,7
605,30-05-1999,BBB+,4
606,30-12-1999,B+,6
606,21-05-2000,CCC+,7
606,21-08-2001,CCC+,7
606,30-05-2002,NR,0
607,21-09-2001,BBB+,4
608,21-05-2001,AA+,2
609,21-11-2001,BBB+,4
610,30-12-1999,BB+,5
611,30-05-1999,BBB+,4
611,30-05-2002,BBB+,4
611,21-09-2002,BB+,5
611,30-11-2003,B+,6
612,21-06-1999,BBB+,4
612,30-08-2000,A+,3
612,30-05-2002,NR,0
613,30-06-2002,BBB+,4
614,27-05-2001,A+,3
615,30-05-2002,BBB+,4
615,30-05-2002,BBB+,4
616,21-10-2000,BBB+,4
616,21-05-2001,CCC+,7
616,30-05-2001,B+,6
616,30-12-2001,BB+,5
616,21-10-2002,NR,0
617,30-12-1999,BBB+,4
617,30-10-2005,BBB+,4
618,21-07-2000,BBB+,4
618,30-10-2001,A+,3
619,30-12-2001,A+,3
620,21-09-2001,AA+,2
621,21-05-1999,BB+,5
621,30-11-2000,B+,6
621,30-09-2001,BB+,5
622,30-08-2002,BBB+,4
622,30-12-2003,BBB+,4
623,30-12-2001,A+,3
623,30-12-2002,A+,3
624,21-08-2001,A+,3
624,30-12-2002,A+,3
625,21-06-2001,A+,3
625,30-12-2002,A+,3
626,30-05-1999,A+,3
626,21-05-2000,AA+,2
626,21-05-2002,AA+,2
627,21-06-2000,A+,3
628,22-05-2000,BB+,5
628,30-12-2000,BBB+,4
628,21-06-2004,BB+,5
629,30-12-2003,A+,3
630,21-09-1999,A+,3
630,30-10-2000,AA+,2
630,30-12-2001,NR,0
631,21-07-1999,BBB+,4
631,30-05-2000,BBB+,4
631,21-10-2001,BBB+,4
632,30-11-2002,BBB+,4
632,30-12-2003,BBB+,4
632,30-12-2004,BB+,5
633,26-05-1999,A+,3
633,30-10-2004,A+,3
634,30-05-2000,BBB+,4
634,30-12-2002,A+,3
635,30-12-1999,B+,6
635,30-06-2000,CCC+,7
635,21-07-2003,NR,0
636,21-05-2001,BBB+,4
636,21-06-2001,BB+,5
636,30-12-2001,B+,6
636,26-05-2002,B+,6
636,22-05-2003,CCC+,7
637,30-12-1999,BB+,5
637,21-05-2001,BBB+,4
637,30-06-2001,A+,3
637,21-05-2005,BBB+,4
638,22-08-2001,AA+,2
638,30-12-2004,AA+,2
639,30-09-1999,B+,6
639,30-05-2000,BB+,5
639,21-05-2004,NR,0
640,21-05-2001,BBB+,4
640,21-07-2002,A+,3
641,30-12-1999,BBB+,4
641,30-11-2000,BB+,5
641,30-12-2000,B+,6
641,30-05-2002,CCC+,7
641,30-07-2002,B+,6
641,30-11-2002,CCC+,7
641,30-12-2002,D,8
641,21-08-2003,NR,0
642,30-09-2004,AAA,1
643,21-07-2001,A+,3
644,30-12-1999,BBB+,4
645,30-05-1999,B+,6
645,21-05-2001,CCC+,7
645,30-12-2001,CCC+,7
645,30-12-2001,NR,0
646,30-05-1999,A+,3
646,30-12-2004,A+,3
647,30-11-2000,BBB+,4
647,30-09-2002,BBB+,4
648,30-05-2001,A+,3
649,21-06-2001,B+,6
649,30-12-2001,B+,6
649,23-05-2002,B+,6
649,30-10-2003,CCC+,7
650,30-05-1999,BBB+,4
650,21-08-2000,A+,3
650,21-09-2001,BBB+,4
650,30-12-2001,BBB+,4
650,21-08-2002,BBB+,4
650,21-05-2005,BBB+,4
651,21-05-2000,BBB+,4
651,30-12-2001,BBB+,4
652,24-05-1999,BB+,5
652,21-05-2003,NR,0
653,21-09-2001,BBB+,4
653,30-12-2005,BBB+,4
654,21-05-1999,BBB+,4
654,30-11-2001,NR,0
655,21-12-2001,AA+,2
656,24-08-2001,AA+,2
656,30-12-2001,AAA,1
656,21-05-2004,AA+,2
657,23-11-2001,AA+,2
657,30-12-2001,AA+,2
658,30-12-2000,AAA,1
659,30-12-2002,A+,3
660,21-10-1999,A+,3
660,30-12-1999,A+,3
660,30-12-2001,BBB+,4
660,30-05-2005,BBB+,4
661,21-05-2002,BBB+,4
661,21-05-2005,NR,0
662,21-07-2004,B+,6
663,21-05-2000,A+,3
663,21-09-2001,BBB+,4
663,30-12-2001,A+,3
663,30-05-2002,BBB+,4
663,21-06-2002,BB+,5
664,30-07-2001,A+,3
665,21-08-2004,BBB+,4
666,30-12-1999,AA+,2
666,30-07-2004,NR,0
667,30-07-2001,B+,6
668,30-12-2000,A+,3
668,30-08-2001,A+,3
668,30-09-2004,AA+,2
669,30-11-2000,A+,3
669,21-05-2001,A+,3
669,21-10-2002,NR,0
670,23-05-2001,AA+,2
670,30-05-2001,AA+,2
671,26-09-2001,AA+,2
672,30-12-2001,AA+,2
672,30-12-2002,NR,0
673,30-12-2000,AA+,2
673,23-08-2002,AA+,2
674,26-05-2002,CCC+,7
674,29-05-2003,CCC+,7
674,30-05-2004,D,8
674,21-05-2005,NR,0
675,21-06-2000,BBB+,4
675,21-05-2001,CCC+,7
675,21-09-2001,D,8
675,25-05-2003,B+,6
676,30-11-2001,BBB+,4
676,30-05-2002,BB+,5
676,30-12-2002,BB+,5
677,25-05-2000,NR,0
678,30-12-2002,A+,3
679,24-05-2001,A+,3
679,21-11-2002,NR,0
680,21-05-1999,BBB+,4
680,21-05-2000,A+,3
680,30-06-2004,A+,3
680,28-09-2004,A+,3
681,30-05-2000,B+,6
681,26-05-2001,CCC+,7
681,21-10-2004,NR,0
682,21-05-1999,BBB+,4
682,30-06-2000,A+,3
682,30-12-2004,A+,3
683,21-05-1999,BBB+,4
683,21-05-2000,A+,3
683,30-06-2004,A+,3
684,21-05-2001,A+,3
685,30-12-1999,B+,6
685,30-12-2001,CCC+,7
685,30-07-2003,B+,6
685,30-12-2003,D,8
685,30-05-2004,NR,0
686,21-09-2000,BBB+,4
686,30-10-2001,BBB+,4
686,30-12-2001,BB+,5
686,30-07-2002,BB+,5
687,21-05-2001,BB+,5
687,30-08-2001,BBB+,4
687,30-07-2002,BB+,5
687,30-12-2004,BB+,5
688,21-05-2003,NR,0
688,25-05-2003,A+,3
688,21-07-2004,A+,3
689,30-05-1999,B+,6
689,30-12-2000,NR,0
690,24-10-1999,CCC+,7
690,21-11-2001,NR,0
691,30-09-2000,A+,3
691,21-05-2003,BBB+,4
691,30-12-2004,BB+,5
692,21-08-2000,A+,3
692,21-05-2001,BBB+,4
692,30-08-2002,B+,6
692,21-05-2003,BB+,5
692,30-11-2003,BB+,5
693,30-12-2004,BBB+,4
694,30-05-2001,BBB+,4
695,21-05-2002,A+,3
696,21-08-2000,A+,3
696,30-06-2005,BBB+,4
697,30-05-1999,AA+,2
698,21-09-2003,BBB+,4
699,30-12-2000,NR,0
700,21-05-1999,B+,6
700,30-05-2003,BB+,5
700,30-07-2005,B+,6
701,21-06-2001,BB+,5
701,30-12-2001,BB+,5
701,21-05-2003,B+,6
701,30-05-2004,CCC+,7
701,30-12-2004,CCC+,7
701,30-12-2004,D,8
702,30-12-2004,NR,0
703,21-05-2001,NR,0
703,30-05-2002,A+,3
703,28-05-2004,BBB+,4
704,21-05-2001,AA+,2
704,21-05-2004,AA+,2
705,30-12-1999,A+,3
705,21-05-2000,A+,3
705,21-09-2000,A+,3
705,30-10-2002,AA+,2
706,21-05-1999,AAA,1
707,30-08-2005,BB+,5
708,21-05-1999,AA+,2
709,21-05-1999,AA+,2
710,23-09-2002,A+,3
710,30-09-2002,AA+,2
711,30-11-2000,BBB+,4
711,21-05-2002,BBB+,4
712,30-12-2000,BB+,5
712,21-06-2001,BB+,5
712,30-12-2004,BBB+,4
713,21-05-1999,BBB+,4
713,21-09-2000,BB+,5
713,30-12-2000,NR,0
714,24-05-2003,B+,6
715,30-11-2000,AA+,2
715,21-05-2003,AA+,2
716,30-12-1999,B+,6
716,30-05-2001,BB+,5
716,30-12-2001,B+,6
716,30-08-2002,B+,6
717,30-12-2000,A+,3
717,30-05-2001,BBB+,4
718,30-05-2003,BBB+,4
719,30-12-2002,AA+,2
720,30-10-2000,BB+,5
720,30-05-2004,BBB+,4
720,30-07-2005,A+,3
721,30-12-1999,BB+,5
721,21-09-2000,B+,6
721,30-12-2000,BB+,5
721,21-08-2001,BB+,5
721,21-09-2004,B+,6
721,30-12-2005,NR,0
722,21-09-2003,B+,6
722,30-12-2003,B+,6
722,21-05-2004,B+,6
723,21-10-2000,NR,0
724,30-12-2000,BBB+,4
724,21-08-2003,B+,6
725,30-10-2001,NR,0
726,30-12-2003,BBB+,4
727,30-12-2001,A+,3
727,26-05-2002,NR,0
728,30-12-1999,B+,6
729,21-05-2000,BBB+,4
730,30-12-2000,A+,3
730,30-12-2001,AA+,2
731,30-07-2002,NR,0
732,21-05-2005,A+,3
733,30-11-1999,AA+,2
733,21-05-2001,AA+,2
733,30-05-2002,AA+,2
733,30-12-2003,A+,3
734,21-09-2001,A+,3
734,30-12-2001,A+,3
734,30-08-2002,BBB+,4
734,21-05-2004,NR,0
735,30-07-1999,A+,3
735,21-05-2003,BBB+,4
735,30-10-2003,BBB+,4
735,30-12-2004,BB+,5
736,30-05-2003,BBB+,4
737,21-06-1999,BB+,5
737,30-05-2000,NR,0
738,24-07-2002,BB+,5
738,21-08-2002,BBB+,4
739,21-05-2001,B+,6
739,27-05-2003,B+,6
739,30-05-2005,CCC+,7
739,30-08-2005,CCC+,7
740,30-12-1999,A+,3
740,30-12-2000,NR,0
741,30-12-1999,B+,6
741,21-05-2000,NR,0
741,30-05-2000,CCC+,7
741,30-12-2000,B+,6
741,30-12-2002,B+,6
741,21-05-2003,CCC+,7
741,30-12-2003,NR,0
742,21-05-2003,B+,6
742,30-12-2003,B+,6
743,26-10-2001,A+,3
743,30-07-2002,BBB+,4
743,30-12-2003,BBB+,4
743,23-05-2005,BB+,5
744,30-12-1999,B+,6
744,30-07-2005,NR,0
745,30-12-1999,CCC+,7
745,21-06-2000,CCC+,7
745,30-06-2001,NR,0
746,30-09-1999,NR,0
747,30-12-1999,A+,3
748,29-06-2000,NR,0
749,21-08-1999,NR,0
750,30-09-1999,BB+,5
750,30-12-1999,BB+,5
750,30-11-2000,BB+,5
750,21-05-2004,BBB+,4
751,30-05-1999,BBB+,4
751,21-09-2002,BBB+,4
751,21-09-2002,BB+,5
751,30-09-2003,B+,6
752,21-08-2002,AA+,2
753,21-05-2000,BBB+,4
754,30-05-2000,B+,6
755,30-12-2002,CCC+,7
756,30-08-2001,BB+,5
756,21-05-2002,BBB+,4
756,21-10-2004,BBB+,4
757,21-05-2004,NR,0
758,30-12-2000,NR,0
759,30-12-1999,BB+,5
760,30-05-2004,A+,3
761,21-05-2002,A+,3
762,30-12-2001,NR,0
763,21-05-2001,BBB+,4
764,30-12-1999,D,8
764,30-05-2001,NR,0
765,30-05-2002,A+,3
765,30-12-2003,A+,3
766,21-11-2001,CCC+,7
766,30-05-2002,NR,0
767,30-12-1999,AA+,2
768,24-05-2002,NR,0
769,21-05-2001,AA+,2
769,30-12-2003,A+,3
769,30-09-2005,NR,0
770,21-05-2001,BB+,5
770,30-12-2002,B+,6
770,30-12-2002,NR,0
770,30-11-2003,B+,6
771,30-12-1999,B+,6
771,30-10-2003,B+,6
771,30-12-2003,CCC+,7
772,21-11-2001,D,8
772,30-12-2001,CCC+,7
772,30-05-2002,NR,0
772,30-12-2003,B+,6
772,30-12-2004,B+,6
772,21-05-2005,CCC+,7
773,21-05-2005,NR,0
774,30-12-2000,AA+,2
775,22-05-2001,NR,0
776,30-12-2001,AA+,2
776,30-12-2001,AA+,2
776,28-05-2002,A+,3
777,30-06-2001,BBB+,4
777,21-05-2002,BB+,5
777,30-12-2002,BB+,5
778,30-11-1999,BB+,5
778,30-11-1999,B+,6
778,30-10-2001,B+,6
778,30-12-2003,B+,6
779,30-12-2002,BBB+,4
780,21-05-2000,AA+,2
780,21-05-2002,AAA,1
781,21-05-2000,AA+,2
781,21-05-2002,AAA,1
782,21-05-2000,BB+,5
782,30-05-2000,B+,6
782,26-06-2000,B+,6
782,21-05-2002,CCC+,7
782,30-12-2002,NR,0
783,21-07-2000,B+,6
783,30-12-2000,BB+,5
783,21-05-2001,B+,6
783,21-05-2001,CCC+,7
783,29-06-2001,CCC+,7
783,21-10-2001,NR,0
784,24-05-2000,A+,3
784,30-10-2000,BBB+,4
784,21-06-2001,BBB+,4
785,21-10-1999,BBB+,4
786,21-05-2001,BBB+,4
786,30-10-2001,BBB+,4
786,30-12-2005,BB+,5
787,21-05-1999,A+,3
787,30-09-2001,BBB+,4
787,21-05-2002,BBB+,4
787,30-12-2002,BB+,5
787,21-07-2003,BB+,5
788,21-05-1999,A+,3
788,30-12-2000,AA+,2
788,21-05-2002,AA+,2
789,30-05-2002,AA+,2
790,21-05-2001,NR,0
791,30-05-1999,A+,3
791,30-12-2000,A+,3
791,30-10-2001,A+,3
792,21-05-2002,NR,0
793,30-12-1999,AA+,2
793,30-12-2001,AA+,2
794,30-12-1999,A+,3
795,30-12-2002,AA+,2
795,30-09-2005,AA+,2
796,30-12-2002,AA+,2
796,30-07-2005,AA+,2
797,30-11-1999,CCC+,7
797,30-12-1999,CCC+,7
797,30-08-2000,NR,0
798,21-05-2000,AA+,2
799,30-11-1999,A+,3
799,21-07-2004,A+,3
800,21-05-2004,BBB+,4
801,30-10-2002,NR,0
802,30-08-1999,A+,3
803,21-12-1999,NR,0
804,30-12-1999,NR,0
805,30-05-2003,A+,3
806,30-12-2001,AA+,2
806,21-05-2004,AA+,2
807,30-05-2000,AA+,2
807,30-12-2002,AA+,2
807,21-05-2005,AA+,2
808,30-07-2000,NR,0
809,30-12-2002,AA+,2
809,30-10-2005,AA+,2
810,21-05-2004,AA+,2
811,30-05-2000,A+,3
811,23-05-2002,AA+,2
811,21-09-2003,NR,0
812,30-12-2002,AA+,2
812,30-05-2003,NR,0
813,22-08-2002,AA+,2
814,21-05-2004,NR,0
815,30-12-1999,A+,3
815,21-05-2003,AA+,2
816,30-12-2000,AA+,2
816,30-05-2003,AAA,1
817,30-05-2000,A+,3
818,30-05-2001,AA+,2
818,30-12-2001,AA+,2
818,30-11-2004,NR,0
819,21-08-2002,AA+,2
820,21-11-2002,AA+,2
821,21-05-1999,B+,6
822,21-08-2000,A+,3
822,30-12-2002,AA+,2
822,30-12-2002,NR,0
823,21-05-1999,NR,0
824,30-05-2000,A+,3
824,30-12-2002,AA+,2
825,30-05-2000,BB+,5
825,21-10-2001,B+,6
825,30-10-2001,B+,6
826,21-05-2001,BB+,5
826,30-12-2002,B+,6
826,30-05-2003,NR,0
826,30-11-2003,CCC+,7
826,30-11-2003,CCC+,7
827,21-10-2000,A+,3
827,30-09-2005,A+,3
828,21-06-1999,BB+,5
828,24-06-2001,NR,0
828,30-12-2001,BBB+,4
829,30-08-2001,NR,0
830,21-08-2000,BBB+,4
830,21-08-2002,BB+,5
830,21-09-2002,BB+,5
830,30-05-2003,B+,6
831,21-05-2000,A+,3
831,30-05-2002,A+,3
832,21-08-1999,BB+,5
833,21-05-2002,BBB+,4
833,30-05-2002,BBB+,4
833,30-12-2002,BB+,5
833,21-05-2003,B+,6
833,30-05-2003,CCC+,7
833,30-05-2003,NR,0
834,21-05-2000,A+,3
834,21-05-2002,A+,3
835,21-05-1999,BBB+,4
836,22-06-2004,AA+,2
836,30-12-2004,NR,0
837,25-06-1999,BBB+,4
837,21-05-2000,BBB+,4
837,21-05-2005,BBB+,4
838,21-06-1999,B+,6
838,21-05-2001,BB+,5
839,21-06-1999,A+,3
839,21-05-2001,A+,3
839,30-05-2001,A+,3
839,21-05-2002,BBB+,4
839,30-12-2003,BBB+,4
839,21-06-2004,NR,0
840,30-05-1999,BBB+,4
840,30-10-2000,BB+,5
840,26-12-2000,B+,6
840,30-12-2000,BB+,5
840,30-12-2002,CCC+,7
841,30-06-2001,BB+,5
841,30-12-2001,BB+,5
841,21-09-2002,B+,6
841,21-05-2005,BB+,5
842,21-10-2004,A+,3
843,30-12-2002,A+,3
843,30-12-2004,AA+,2
844,30-06-2001,A+,3
844,30-05-2003,BBB+,4
844,30-12-2004,BBB+,4
845,30-05-2002,A+,3
846,30-05-2002,BBB+,4
847,21-05-2000,A+,3
847,30-12-2002,BBB+,4
847,21-05-2005,NR,0
848,30-12-2000,A+,3
848,30-12-2002,A+,3
848,30-05-2005,NR,0
849,30-08-2000,AA+,2
849,30-05-2002,A+,3
850,30-10-2000,AA+,2
850,30-12-2002,A+,3
851,30-12-2000,AA+,2
851,30-12-2002,A+,3
851,21-10-2004,A+,3
852,21-05-2002,BBB+,4
852,30-12-2002,BBB+,4
853,30-05-2001,A+,3
854,30-12-2001,BBB+,4
854,21-05-2002,BB+,5
854,30-05-2002,BB+,5
854,30-05-2004,BB+,5
854,21-09-2004,BB+,5
854,30-05-2005,BBB+,4
855,21-06-2001,CCC+,7
855,30-11-2002,NR,0
856,30-12-2000,AA+,2
856,30-12-2002,AA+,2
857,21-05-1999,NR,0
857,30-12-1999,BB+,5
857,30-09-2005,BB+,5
858,30-05-2002,A+,3
859,30-05-2000,AA+,2
859,30-05-2002,NR,0
860,30-11-2001,BBB+,4
860,21-05-2002,BBB+,4
861,30-12-2002,NR,0
862,21-06-1999,A+,3
862,30-12-2002,NR,0
863,26-08-2000,A+,3
863,21-05-2003,A+,3
864,30-12-2000,A+,3
864,30-12-2002,BBB+,4
865,21-11-2004,BBB+,4
865,22-05-2005,BBB+,4
866,21-05-2003,A+,3
866,30-12-2004,BBB+,4
866,30-12-2005,BBB+,4
867,21-05-2000,NR,0
868,30-07-2004,BBB+,4
868,30-11-2005,BBB+,4
869,21-05-2003,A+,3
869,30-12-2004,BBB+,4
870,30-12-2000,BBB+,4
870,30-12-2001,BBB+,4
870,21-05-2004,BBB+,4
871,30-06-1999,BB+,5
871,21-05-2002,NR,0
872,30-12-2000,AA+,2
872,30-06-2002,A+,3
873,30-12-2000,A+,3
873,30-12-2002,A+,3
874,30-05-2000,AA+,2
874,30-12-2002,A+,3
874,30-12-2003,NR,0
875,21-06-2000,AA+,2
875,30-07-2002,NR,0
876,30-12-2000,AA+,2
876,30-12-2002,A+,3
876,30-08-2003,NR,0
877,30-10-2003,BBB+,4
877,21-05-2004,BBB+,4
878,21-06-2000,AA+,2
878,30-12-2002,A+,3
878,30-05-2003,NR,0
879,30-10-2001,A+,3
880,21-05-2000,AA+,2
880,30-12-2002,A+,3
880,21-05-2003,NR,0
881,21-05-2005,AA+,2
882,21-05-2000,AA+,2
882,21-09-2002,A+,3
882,30-07-2003,NR,0
883,30-10-2000,AA+,2
883,30-12-2002,A+,3
883,30-12-2003,NR,0
884,21-05-2004,BBB+,4
884,30-08-2004,NR,0
885,30-12-1999,A+,3
886,21-05-2003,NR,0
887,30-12-1999,BB+,5
887,21-05-2002,BB+,5
887,21-10-2004,B+,6
888,21-05-2002,AA+,2
888,30-12-2002,A+,3
888,21-10-2003,AA+,2
889,21-12-1999,BB+,5
889,30-08-2001,B+,6
890,22-05-2002,AA+,2
890,30-12-2002,NR,0
891,30-12-2000,BBB+,4
891,30-05-2002,BB+,5
891,21-05-2003,BB+,5
892,21-08-2003,NR,0
893,30-05-1999,BBB+,4
893,30-12-2002,BB+,5
894,30-12-1999,BBB+,4
894,26-05-2000,NR,0
894,21-05-2002,B+,6
894,30-06-2005,NR,0
895,30-12-2001,BBB+,4
896,30-12-2002,NR,0
897,21-05-1999,BBB+,4
897,30-05-1999,A+,3
897,21-06-1999,BB+,5
897,30-12-1999,B+,6
897,30-05-2000,AA+,2
898,30-12-2002,A+,3
899,30-05-2003,BB+,5
899,30-06-2003,B+,6
899,30-11-2003,B+,6
899,21-05-2004,B+,6
900,30-12-1999,AA+,2
900,30-12-2001,AA+,2
901,30-05-1999,BBB+,4
901,30-12-2003,NR,0
902,21-07-2001,AA+,2
903,30-12-2000,A+,3
903,30-09-2003,A+,3
904,30-05-2000,A+,3
904,24-05-2002,NR,0
905,30-09-1999,NR,0
906,30-12-2000,BB+,5
906,30-07-2001,B+,6
906,29-10-2002,B+,6
906,30-12-2004,CCC+,7
907,30-05-2000,A+,3
907,21-05-2005,A+,3
908,21-06-1999,A+,3
908,21-09-2003,A+,3
909,21-05-2000,BB+,5
909,21-09-2002,NR,0
910,30-05-2002,A+,3
910,30-12-2002,NR,0
911,30-05-1999,A+,3
911,30-12-2002,A+,3
912,30-08-2001,BBB+,4
912,30-10-2002,BBB+,4
913,30-07-1999,BBB+,4
913,30-09-2000,BB+,5
913,30-12-2000,BB+,5
913,21-05-2002,CCC+,7
913,30-05-2002,B+,6
913,30-12-2002,CCC+,7
913,30-12-2002,NR,0
914,30-12-2004,BB+,5
915,30-05-1999,CCC+,7
915,30-09-1999,D,8
916,30-10-2001,A+,3
916,30-12-2001,BBB+,4
916,21-05-2002,BBB+,4
916,30-12-2002,BB+,5
916,25-06-2004,NR,0
917,30-05-2000,CCC+,7
917,30-08-2000,BBB+,4
917,21-10-2000,B+,6
917,30-12-2000,BB+,5
917,30-12-2000,B+,6
917,30-08-2001,CCC+,7
917,30-12-2002,NR,0
918,30-08-1999,BB+,5
918,21-05-2000,B+,6
918,28-05-2000,B+,6
918,30-05-2000,CCC+,7
918,21-12-2001,NR,0
919,30-05-1999,NR,0
920,21-06-2000,AA+,2
920,30-12-2002,A+,3
921,30-10-2005,A+,3
922,21-10-2003,A+,3
923,21-05-2000,BBB+,4
923,30-06-2000,A+,3
923,30-05-2003,NR,0
924,21-09-2002,NR,0
925,30-12-2000,BBB+,4
925,30-11-2001,BBB+,4
925,30-12-2002,A+,3
926,30-05-2000,AA+,2
926,30-12-2001,AA+,2
926,21-05-2003,A+,3
927,21-05-2000,BBB+,4
927,30-05-2001,B+,6
927,21-11-2001,D,8
927,30-12-2001,BBB+,4
927,30-12-2001,BBB+,4
927,30-12-2003,NR,0
928,30-05-2000,NR,0
929,30-10-1999,AA+,2
929,30-05-2001,A+,3
929,30-06-2001,A+,3
929,30-05-2002,BBB+,4
930,30-09-2002,BBB+,4
930,30-05-2003,B+,6
930,30-09-2003,BB+,5
931,30-05-2001,NR,0
932,30-11-2003,AA+,2
933,30-06-1999,BBB+,4
933,30-08-2001,BBB+,4
934,26-05-1999,B+,6
934,21-10-2001,CCC+,7
934,30-12-2002,NR,0
935,30-12-2000,BBB+,4
935,30-12-2000,BBB+,4
935,21-05-2001,BB+,5
935,30-09-2004,BBB+,4
936,21-07-1999,NR,0
937,30-12-2000,BBB+,4
937,30-05-2001,BBB+,4
937,21-05-2005,A+,3
938,21-05-2003,A+,3
939,30-12-1999,NR,0
939,30-12-2000,BBB+,4
940,21-05-2000,CCC+,7
940,21-05-2000,D,8
940,30-05-2000,B+,6
940,21-05-2001,NR,0
941,30-07-2004,BBB+,4
942,30-05-1999,NR,0
942,21-08-1999,B+,6
942,21-05-2003,NR,0
943,30-12-1999,BBB+,4
944,30-05-1999,D,8
944,28-06-1999,NR,0
945,30-07-2002,A+,3
946,21-06-2001,AAA,1
947,30-12-2001,A+,3
947,23-05-2004,A+,3
948,21-06-2000,BB+,5
948,30-12-2000,BB+,5
949,30-07-2001,NR,0
950,30-12-1999,NR,0
951,30-12-2001,BBB+,4
951,23-05-2002,BBB+,4
952,21-08-2001,A+,3
952,30-12-2001,AA+,2
952,30-12-2002,A+,3
953,30-05-2001,AA+,2
953,30-05-2001,A+,3
953,21-05-2002,A+,3
953,30-12-2003,NR,0
954,30-05-1999,BBB+,4
954,30-12-2001,BB+,5
954,21-08-2004,BBB+,4
955,21-05-1999,B+,6
955,21-05-2000,B+,6
955,21-08-2000,CCC+,7
955,21-05-2001,D,8
955,30-09-2001,CCC+,7
956,30-05-1999,BB+,5
956,30-12-1999,B+,6
956,30-12-2001,B+,6
956,30-05-2002,CCC+,7
956,21-05-2005,B+,6
957,30-12-2004,A+,3
958,30-07-2003,BBB+,4
958,30-06-2005,A+,3
959,30-07-1999,A+,3
959,30-06-2005,A+,3
960,30-12-2002,BB+,5
960,30-12-2004,NR,0
961,21-06-1999,BBB+,4
961,21-05-2004,BB+,5
961,30-11-2004,B+,6
961,23-05-2005,B+,6
962,30-08-1999,BBB+,4
963,30-12-2000,B+,6
963,30-12-2002,BB+,5
963,21-07-2003,BB+,5
963,21-05-2005,NR,0
964,30-12-1999,CCC+,7
964,21-08-2000,B+,6
964,30-05-2003,B+,6
965,21-07-2004,NR,0
966,30-12-1999,BBB+,4
967,30-09-2002,NR,0
968,30-06-2001,NR,0
968,30-09-2001,A+,3
968,21-05-2003,A+,3
969,30-12-1999,A+,3
969,21-08-2000,AA+,2
969,30-12-2003,A+,3
970,23-06-2003,A+,3
970,30-11-2005,AA+,2
971,21-08-2003,BB+,5
971,30-12-2003,BB+,5
972,30-05-2001,BB+,5
972,30-12-2002,NR,0
973,30-05-2001,BBB+,4
973,21-09-2002,BBB+,4
974,30-07-1999,BBB+,4
974,21-05-2002,BBB+,4
974,21-06-2002,BB+,5
974,21-07-2002,NR,0
974,30-06-2003,B+,6
974,21-10-2004,B+,6
975,21-10-2003,A+,3
975,30-12-2004,A+,3
976,30-12-2003,A+,3
977,30-05-2002,BBB+,4
977,21-06-2002,BBB+,4
977,30-12-2002,BBB+,4
978,30-12-2000,AA+,2
979,21-10-2004,BB+,5
980,30-12-2001,BB+,5
980,30-12-2002,NR,0
981,21-05-1999,BBB+,4
981,30-05-1999,BBB+,4
981,30-05-2000,A+,3
981,30-05-2002,A+,3
982,21-11-1999,A+,3
982,30-05-2005,A+,3
983,30-09-2001,BBB+,4
984,30-05-2001,A+,3
985,30-08-2002,A+,3
985,21-08-2003,AA+,2
986,21-07-2002,AA+,2
986,30-05-2003,AA+,2
987,30-07-2004,AA+,2
988,30-12-2000,BBB+,4
988,21-08-2003,BBB+,4
989,21-05-2003,NR,0
990,21-05-1999,BBB+,4
990,21-05-2000,A+,3
990,21-05-2002,NR,0
991,21-05-2005,A+,3
992,30-05-1999,BBB+,4
993,30-12-2002,NR,0
993,30-12-2003,B+,6
994,21-06-2000,BBB+,4
994,30-07-2003,BBB+,4
995,30-12-2000,BBB+,4
995,21-10-2003,BBB+,4
996,21-05-2000,AA+,2
997,30-12-1999,B+,6
997,30-05-2002,NR,0
998,28-05-2004,AA+,2
999,30-12-1999,BBB+,4
999,30-05-2004,NR,0
1000,21-05-1999,A+,3
1001,21-05-1999,NR,0
1002,30-05-2000,BB+,5
1002,30-12-2002,BB+,5
1002,21-05-2003,CCC+,7
1002,30-10-2003,CCC+,7
1002,30-12-2003,NR,0
1003,30-09-2004,BBB+,4
1004,30-05-1999,B+,6
1004,21-05-2001,BB+,5
1004,21-05-2002,B+,6
1005,30-05-1999,AA+,2
1005,21-05-2003,AA+,2
1005,24-05-2004,A+,3
1005,28-05-2004,A+,3
1006,21-09-2001,BBB+,4
1006,21-05-2002,BB+,5
1006,30-12-2002,BB+,5
1006,30-12-2002,CCC+,7
1006,21-05-2004,B+,6
1006,29-05-2004,B+,6
1006,30-05-2004,BB+,5
1006,25-05-2005,BBB+,4
1007,21-05-2001,AA+,2
1007,30-05-2003,A+,3
1007,30-12-2003,NR,0
1008,30-05-2001,A+,3
1008,21-05-2002,NR,0
1009,30-10-2001,A+,3
1010,21-05-2000,AA+,2
1010,21-08-2002,NR,0
1011,30-12-1999,B+,6
1011,30-12-2000,B+,6
1012,21-05-1999,BB+,5
1012,30-12-1999,BB+,5
1012,30-12-1999,NR,0
1013,21-07-1999,A+,3
1013,30-07-2004,NR,0
1014,30-08-1999,A+,3
1014,30-12-2004,A+,3
1015,30-12-2004,B+,6
1015,30-06-2005,BB+,5
1016,21-05-1999,BB+,5
1016,30-12-2000,BBB+,4
1017,21-05-2000,NR,0
1018,30-12-2000,CCC+,7
1018,30-06-2001,CCC+,7
1018,21-08-2004,CCC+,7
1019,21-05-2001,BBB+,4
1020,30-07-1999,A+,3
1020,30-12-2000,AA+,2
1020,21-07-2001,NR,0
1021,30-12-1999,AA+,2
1021,21-05-2003,AA+,2
1021,21-07-2004,A+,3
1021,30-12-2004,A+,3
1022,30-12-2000,A+,3
1022,30-12-2002,BBB+,4
1023,21-05-1999,BB+,5
1023,21-11-2003,B+,6
1024,30-10-2005,BBB+,4
1025,21-05-2001,BBB+,4
1025,30-11-2003,BBB+,4
1026,30-05-2002,BBB+,4
1027,30-05-1999,BBB+,4
1027,30-12-2000,BBB+,4
1027,30-09-2002,BBB+,4
1027,30-07-2003,NR,0
1027,30-12-2004,BBB+,4
1028,21-08-2001,AA+,2
1028,30-11-2003,A+,3
1029,30-08-2000,BBB+,4
1029,30-12-2003,BBB+,4
1030,30-09-1999,BBB+,4
1030,30-10-2000,A+,3
1030,22-08-2004,A+,3
1031,21-08-2003,B+,6
1032,21-05-1999,BBB+,4
1032,30-11-2000,A+,3
1032,21-11-2004,A+,3
1033,30-12-2001,A+,3
1033,30-05-2004,AA+,2
1034,30-12-1999,B+,6
1034,30-05-2001,CCC+,7
1034,30-07-2001,B+,6
1034,30-05-2002,D,8
1034,21-07-2002,CCC+,7
1034,30-10-2004,CCC+,7
1034,30-10-2005,BB+,5
1035,30-12-2000,BBB+,4
1036,30-05-2000,B+,6
1036,30-08-2002,CCC+,7
1036,30-08-2003,NR,0
1037,30-12-2001,A+,3
1037,30-05-2004,NR,0
1038,30-12-1999,CCC+,7
1038,21-06-2000,CCC+,7
1038,30-09-2002,CCC+,7
1039,21-07-2001,NR,0
1040,30-12-2000,AA+,2
1041,30-05-1999,NR,0
1042,21-08-2001,B+,6
1042,30-12-2004,NR,0
1043,30-05-2002,BBB+,4
1043,30-11-2004,NR,0
1044,21-05-2000,NR,0
1045,21-05-2000,BBB+,4
1046,21-05-1999,BB+,5
1046,21-05-2003,BBB+,4
1046,30-12-2004,BBB+,4
1047,29-05-2003,NR,0
1048,30-05-1999,B+,6
1048,30-05-1999,NR,0
1048,21-06-2000,BB+,5
1049,21-05-1999,B+,6
1049,30-12-1999,B+,6
1049,30-12-2001,CCC+,7
1049,30-05-2002,NR,0
1050,30-12-2002,BB+,5
1051,21-05-2002,BBB+,4
1051,30-12-2002,BB+,5
1051,21-11-2004,BBB+,4
1052,21-05-2001,BB+,5
1052,30-12-2001,BB+,5
1052,21-05-2003,BB+,5
1052,30-05-2004,B+,6
1052,30-06-2004,CCC+,7
1052,30-07-2005,NR,0
1053,21-05-2001,BBB+,4
1053,23-07-2001,BBB+,4
1054,21-05-2001,AA+,2
1054,30-09-2001,A+,3
1055,30-12-2003,A+,3
1056,30-05-2001,A+,3
1056,21-06-2003,NR,0
1056,30-09-2003,BBB+,4
1057,30-11-2000,BBB+,4
1057,21-06-2002,BBB+,4
1058,21-05-2000,A+,3
1059,21-05-2000,AA+,2
1060,21-05-1999,BB+,5
1060,30-12-1999,BB+,5
1060,30-12-1999,BB+,5
1060,21-05-2004,BB+,5
1061,21-05-2002,AA+,2
1062,30-12-2002,BB+,5
1062,21-08-2003,BB+,5
1063,30-12-2001,AA+,2
1063,21-05-2002,A+,3
1064,21-09-2000,BBB+,4
1064,30-12-2002,BB+,5
1064,30-05-2003,BB+,5
1065,30-10-2001,AA+,2
1065,30-12-2001,AA+,2
1065,27-05-2002,A+,3
1066,30-12-1999,A+,3
1066,30-07-2004,BBB+,4
1067,30-05-1999,B+,6
1067,21-05-2000,NR,0
1068,21-05-1999,AA+,2
1069,25-05-2004,AAA,1
1070,24-05-2001,AA+,2
1070,21-11-2001,AA+,2
1070,21-05-2002,A+,3
1071,21-05-1999,B+,6
1071,22-07-1999,CCC+,7
1071,30-12-1999,CCC+,7
1071,21-07-2000,NR,0
1072,30-10-2000,A+,3
1072,30-09-2002,A+,3
1072,30-12-2002,A+,3
1073,21-10-2002,A+,3
1074,21-10-2002,A+,3
1075,21-05-1999,BB+,5
1075,30-05-1999,BBB+,4
1075,21-05-2002,BBB+,4
1075,21-05-2005,BBB+,4
1076,21-08-2003,B+,6
1076,21-09-2004,NR,0
1077,26-05-2001,NR,0
1078,21-10-1999,B+,6
1078,30-05-2001,B+,6
1078,30-12-2002,B+,6
1078,21-06-2004,B+,6
1078,30-05-2005,NR,0
1079,21-05-2003,NR,0
1080,21-05-1999,BB+,5
1080,30-09-2000,BBB+,4
1080,21-05-2002,B+,6
1080,21-05-2002,CCC+,7
1080,21-05-2002,D,8
1080,21-06-2002,NR,0
1080,30-08-2002,CCC+,7
1081,21-10-2000,B+,6
1081,30-12-2001,B+,6
1081,30-06-2002,CCC+,7
1082,30-08-1999,A+,3
1082,30-12-2002,NR,0
1083,21-06-1999,BB+,5
1083,30-12-1999,NR,0
1084,21-05-1999,A+,3
1084,30-12-2000,AA+,2
1084,30-09-2002,NR,0
1085,30-05-1999,AA+,2
1086,30-12-2003,A+,3
1087,21-05-2000,NR,0
1087,30-09-2004,B+,6
1088,30-11-2000,BB+,5
1088,21-05-2002,BB+,5
1088,30-12-2003,BB+,5
1088,21-05-2004,B+,6
1089,30-07-2000,BB+,5
1089,30-10-2005,BB+,5
1090,30-11-2000,BB+,5
1090,21-05-2005,BB+,5
1091,21-05-2004,NR,0
1092,30-12-2004,BBB+,4
1093,30-12-2000,BBB+,4
1093,30-12-2002,BBB+,4
1093,21-05-2005,BBB+,4
1094,21-12-1999,NR,0
1094,30-11-2002,BBB+,4
1095,30-09-2001,BBB+,4
1095,21-08-2004,BBB+,4
1096,23-05-2002,BB+,5
1097,21-05-2002,A+,3
1097,30-10-2003,BBB+,4
1097,30-05-2004,A+,3
1098,30-05-1999,A+,3
1098,22-05-2000,A+,3
1099,21-05-2000,A+,3
1100,21-05-2003,AA+,2
1101,21-05-1999,BBB+,4
1101,30-12-2001,BBB+,4
1101,30-08-2003,BBB+,4
1101,21-05-2005,BB+,5
1102,30-12-2003,B+,6
1103,23-09-2000,CCC+,7
1103,30-10-2001,D,8
1104,30-12-2001,AA+,2
1105,21-05-2000,A+,3
1106,30-09-1999,BB+,5
1106,30-09-2002,B+,6
1107,25-10-1999,B+,6
1107,30-05-2000,NR,0
1108,21-09-1999,BBB+,4
1108,30-10-1999,BBB+,4
1108,26-05-2002,A+,3
1109,30-07-1999,BBB+,4
1109,30-12-1999,BBB+,4
1109,30-07-2002,A+,3
1110,21-05-2000,NR,0
1111,30-05-2004,BBB+,4
1112,24-05-2004,NR,0
1113,30-12-1999,CCC+,7
1113,21-07-2001,CCC+,7
1114,21-09-1999,B+,6
1114,30-12-2000,B+,6
1114,30-12-2000,D,8
1114,21-05-2002,NR,0
1115,30-12-1999,BB+,5
1115,30-12-2000,B+,6
1115,30-05-2001,BB+,5
1116,21-05-2004,BBB+,4
1117,30-05-1999,B+,6
1117,21-05-2000,NR,0
1118,30-05-1999,BBB+,4
1118,26-05-2002,BB+,5
1118,21-07-2002,BBB+,4
1118,21-05-2004,BBB+,4
1118,21-05-2005,A+,3
1119,21-05-2001,A+,3
1119,30-05-2003,BBB+,4
1119,21-05-2004,A+,3
1120,30-05-1999,BBB+,4
1121,30-05-1999,BBB+,4
1121,30-12-1999,BBB+,4
1121,30-12-1999,BBB+,4
1121,21-08-2001,BBB+,4
1122,30-05-2002,A+,3
1122,30-09-2003,A+,3
1122,30-12-2003,BBB+,4
1123,25-05-2000,BBB+,4
1123,21-06-2002,BBB+,4
1124,30-12-2004,BBB+,4
1125,30-12-2002,A+,3
1125,30-12-2002,BBB+,4
1126,30-12-1999,BBB+,4
1126,21-05-2001,NR,0
1126,21-10-2001,BB+,5
1126,21-09-2002,B+,6
1126,30-08-2003,B+,6
1127,21-07-2002,AA+,2
1128,30-12-2004,AA+,2
1129,30-05-2002,NR,0
1130,21-05-2004,BB+,5
1131,21-10-2002,A+,3
1132,30-05-2000,A+,3
1132,21-05-2001,A+,3
1132,21-06-2002,BBB+,4
1132,30-06-2002,BB+,5
1132,30-10-2003,BB+,5
1133,21-05-2003,BBB+,4
1134,30-12-2000,BBB+,4
1134,30-07-2002,A+,3
1135,21-06-1999,BB+,5
1135,30-05-2000,BB+,5
1135,21-06-2001,B+,6
1135,30-12-2002,CCC+,7
1135,30-08-2003,B+,6
1135,30-11-2003,D,8
1135,21-05-2005,CCC+,7
1136,21-08-2001,A+,3
1136,30-07-2002,BBB+,4
1137,21-10-1999,A+,3
1138,30-09-2000,AA+,2
1139,30-12-1999,CCC+,7
1139,30-12-2001,CCC+,7
1139,30-12-2002,CCC+,7
1139,30-12-2003,D,8
1139,30-12-2004,NR,0
1140,30-06-2001,AA+,2
1140,30-09-2002,A+,3
1141,30-12-2000,BBB+,4
1142,21-05-2001,AA+,2
1143,30-10-2001,BBB+,4
1143,30-12-2004,BBB+,4
1144,30-12-2001,BBB+,4
1144,30-12-2002,NR,0
1145,30-05-1999,AA+,2
1145,21-05-2002,A+,3
1145,30-12-2003,A+,3
1146,30-05-1999,BBB+,4
1146,30-05-2000,NR,0
1147,30-07-2000,A+,3
1147,30-12-2001,A+,3
1147,30-12-2002,BBB+,4
1148,30-06-1999,BBB+,4
1148,23-08-2003,BBB+,4
1149,30-05-1999,BBB+,4
1149,21-12-2003,BBB+,4
1150,21-05-1999,BBB+,4
1150,30-12-1999,BBB+,4
1150,30-12-1999,BBB+,4
1150,30-12-2001,BBB+,4
1151,21-05-2004,BBB+,4
1152,21-05-2000,AA+,2
1152,30-12-2003,A+,3
1153,24-05-2000,BBB+,4
1153,28-05-2001,BBB+,4
1153,30-12-2001,BB+,5
1153,21-08-2004,BBB+,4
1154,24-05-1999,A+,3
1154,30-12-1999,A+,3
1154,30-05-2002,A+,3
1154,21-09-2004,A+,3
1155,21-05-2001,A+,3
1156,30-12-2002,AA+,2
1157,30-05-2000,A+,3
1158,30-12-2003,NR,0
1159,30-08-2002,B+,6
1160,30-12-2000,A+,3
1160,30-12-2003,A+,3
1161,21-05-2004,BBB+,4
1162,30-12-1999,AAA,1
1163,21-05-1999,A+,3
1163,21-05-2002,B+,6
1163,21-05-2002,D,8
1163,30-05-2002,BB+,5
1163,30-10-2002,BBB+,4
1163,30-05-2003,NR,0
1164,21-05-2002,BBB+,4
1164,30-05-2002,B+,6
1164,21-09-2002,CCC+,7
1164,21-05-2003,B+,6
1164,21-11-2004,B+,6
1165,30-12-2000,BB+,5
1165,30-12-2001,BB+,5
1165,30-05-2003,BBB+,4
1166,21-05-2000,A+,3
1166,30-12-2002,A+,3
1166,30-07-2005,NR,0
1167,21-07-1999,B+,6
1167,21-10-2003,BB+,5
1168,30-10-1999,B+,6
1168,30-08-2002,BB+,5
1169,21-05-1999,BB+,5
1169,30-05-1999,BB+,5
1169,30-12-2000,B+,6
1169,30-12-2001,B+,6
1169,21-10-2002,NR,0
1169,30-12-2002,BBB+,4
1170,21-05-2003,BB+,5
1171,21-06-1999,B+,6
1171,30-05-2004,B+,6
1172,30-05-1999,CCC+,7
1172,30-05-2000,NR,0
1173,21-05-1999,BB+,5
1173,21-07-1999,B+,6
1173,21-05-2000,BB+,5
1173,30-12-2004,NR,0
1174,30-09-2000,AA+,2
1174,30-12-2000,NR,0
1175,21-05-2005,NR,0
1176,30-12-2000,BBB+,4
1176,24-09-2002,BBB+,4
1177,30-05-2003,AA+,2
1178,21-08-2000,BB+,5
1178,30-12-2004,BBB+,4
1179,30-05-1999,NR,0
1180,30-10-2005,NR,0
1181,30-11-2000,B+,6
1181,21-05-2001,NR,0
1181,30-12-2001,BB+,5
1181,21-05-2002,BB+,5
1181,30-05-2004,BB+,5
1182,22-11-1999,NR,0
1182,30-12-1999,CCC+,7
1183,30-12-2002,AA+,2
1183,21-05-2004,AA+,2
1184,30-05-1999,NR,0
1184,30-05-2002,NR,0
1185,21-12-1999,AA+,2
1185,30-05-2004,AA+,2
1186,30-12-1999,A+,3
1186,30-05-2004,AA+,2
1187,30-12-2000,B+,6
1187,30-12-2003,B+,6
1188,30-08-1999,AA+,2
1188,30-06-2000,AA+,2
1188,21-05-2001,A+,3
1188,21-05-2001,A+,3
1188,30-12-2004,BBB+,4
1189,21-05-1999,AA+,2
1189,30-05-2000,AA+,2
1189,30-12-2000,A+,3
1189,30-05-2001,A+,3
1189,21-05-2004,NR,0
1190,30-11-2004,BBB+,4
1191,30-12-2000,BBB+,4
1191,30-05-2003,NR,0
1192,21-05-1999,A+,3
1193,30-05-2003,B+,6
1194,21-07-1999,BBB+,4
1194,30-10-1999,BBB+,4
1194,30-12-1999,BBB+,4
1194,28-12-2001,BBB+,4
1195,21-05-1999,BB+,5
1195,23-08-2001,B+,6
1195,21-05-2004,BB+,5
1196,30-05-2001,BBB+,4
1197,30-12-1999,BB+,5
1197,21-05-2000,B+,6
1197,30-10-2002,B+,6
1197,21-05-2003,CCC+,7
1197,21-07-2003,B+,6
1198,30-05-2003,BBB+,4
1199,30-10-2000,BBB+,4
1200,30-12-2001,AA+,2
1201,30-12-2001,NR,0
1202,30-05-2000,NR,0
1203,30-05-2003,AA+,2
1204,30-12-2001,AA+,2
1205,30-05-2002,A+,3
1205,30-12-2003,BBB+,4
1205,26-05-2004,BBB+,4
1206,30-12-1999,BBB+,4
1206,30-11-2002,BBB+,4
1206,30-12-2003,BBB+,4
1206,30-12-2003,BB+,5
1207,21-05-2000,BBB+,4
1207,30-05-2000,BBB+,4
1208,30-05-2001,BBB+,4
1208,30-10-2003,BBB+,4
1208,21-05-2005,BB+,5
1208,30-09-2005,BBB+,4
1209,30-12-1999,B+,6
1209,30-12-2000,NR,0
1210,21-08-1999,B+,6
1210,23-05-2001,BB+,5
1211,30-12-1999,BB+,5
1211,30-12-2000,BB+,5
1211,21-08-2001,B+,6
1211,30-06-2003,B+,6
1212,30-12-2001,AA+,2
1212,30-11-2003,A+,3
1213,30-05-2001,A+,3
1214,29-05-2000,A+,3
1214,30-12-2001,A+,3
1215,30-12-2004,BB+,5
1215,30-05-2005,B+,6
1216,30-09-2002,BBB+,4
1217,21-05-2000,D,8
1217,30-07-2000,D,8
1217,30-12-2001,NR,0
1218,21-05-2001,BB+,5
1218,30-12-2001,NR,0
1219,30-09-1999,CCC+,7
1219,30-09-2000,NR,0
1220,21-05-2000,A+,3
1221,30-05-2000,AA+,2
1222,21-05-2000,A+,3
1223,30-07-2001,A+,3
1223,30-09-2004,A+,3
1224,21-05-2002,AA+,2
1224,30-05-2005,AA+,2
1225,30-12-2003,A+,3
1226,21-07-2000,BBB+,4
1226,30-05-2001,BBB+,4
1226,21-05-2002,BBB+,4
1226,21-08-2002,BB+,5
1226,30-09-2003,B+,6
1226,21-05-2005,B+,6
1227,30-05-2000,BBB+,4
1227,30-12-2001,BB+,5
1227,30-12-2003,NR,0
1228,21-11-2001,BBB+,4
1228,30-12-2002,BBB+,4
1228,30-05-2004,NR,0
1229,30-05-1999,BB+,5
1229,30-12-2000,BB+,5
1229,28-06-2002,BBB+,4
1229,21-10-2003,BBB+,4
1230,30-12-2004,AA+,2
1230,30-05-2005,AA+,2
1231,21-07-2002,NR,0
1232,30-05-2002,BBB+,4
1233,30-12-2001,A+,3
1233,24-05-2003,BBB+,4
1233,30-12-2004,NR,0
1234,21-09-1999,A+,3
1234,30-05-2004,BBB+,4
1235,30-12-1999,AA+,2
1235,21-05-2003,AA+,2
1235,21-08-2004,A+,3
1235,30-12-2004,A+,3
1236,21-06-1999,BB+,5
1236,30-10-2000,BBB+,4
1236,30-11-2002,BBB+,4
1236,30-05-2005,BBB+,4
1237,21-07-1999,NR,0
1238,30-12-2000,BB+,5
1238,30-09-2003,BB+,5
1239,21-05-1999,BBB+,4
1239,30-05-2002,BBB+,4
1239,21-10-2002,BB+,5
1239,30-05-2003,B+,6
1240,30-10-1999,BBB+,4
1240,30-10-2000,BBB+,4
1240,30-12-2000,BB+,5
1240,21-05-2002,B+,6
1240,21-06-2002,B+,6
1240,21-11-2004,B+,6
1241,21-07-1999,AA+,2
1241,22-05-2002,A+,3
1242,30-05-2001,NR,0
1243,30-12-2002,NR,0
1244,21-08-2001,BB+,5
1245,25-06-2001,BBB+,4
1246,21-11-2001,B+,6
1246,21-05-2002,B+,6
1246,30-05-2003,B+,6
1246,30-12-2003,BB+,5
1246,30-05-2004,BBB+,4
1246,21-10-2004,NR,0
1247,30-12-1999,NR,0
1248,30-12-1999,BBB+,4
1248,30-05-2002,A+,3
1248,21-05-2004,NR,0
1249,21-05-2001,BBB+,4
1249,30-07-2001,B+,6
1249,30-12-2003,BB+,5
1250,30-12-2004,BB+,5
1250,30-12-2005,NR,0
1251,21-05-2001,CCC+,7
1251,21-12-2001,D,8
1251,30-12-2001,CCC+,7
1251,21-05-2002,D,8
1251,30-05-2002,NR,0
1251,30-05-2003,NR,0
1252,30-12-1999,BB+,5
1252,30-05-2001,B+,6
1252,30-05-2002,CCC+,7
1252,30-05-2003,NR,0
1252,30-09-2003,D,8
1253,21-05-2002,NR,0
1254,21-05-2001,BBB+,4
1254,30-07-2004,NR,0
1255,21-05-2000,NR,0
1256,30-10-2001,BBB+,4
1256,21-07-2003,BBB+,4
1257,30-12-1999,BBB+,4
1258,21-06-2004,A+,3
1259,21-05-2002,BB+,5
1259,30-09-2005,BBB+,4
1260,26-05-2000,BBB+,4
1260,30-05-2004,BBB+,4
1261,30-08-1999,BBB+,4
1261,21-06-2000,A+,3
1261,21-06-2004,A+,3
1261,21-09-2004,A+,3
1262,30-12-2002,A+,3
1263,30-05-2002,BB+,5
1263,21-05-2003,B+,6
1263,30-05-2003,CCC+,7
1263,21-08-2004,B+,6
1264,21-05-1999,A+,3
1265,30-06-1999,A+,3
1265,30-05-2004,NR,0
1266,30-12-2000,A+,3
1266,30-12-2002,BBB+,4
1267,30-05-2002,A+,3
1268,30-12-1999,CCC+,7
1268,29-09-2003,B+,6
1269,27-05-2005,A+,3
1270,30-12-2005,A+,3
1271,21-05-2000,A+,3
1271,30-12-2004,A+,3
1272,21-05-2000,A+,3
1273,30-06-2004,BBB+,4
1274,30-06-2000,BBB+,4
1274,21-07-2004,BBB+,4
1275,21-06-1999,NR,0
1275,30-12-1999,BB+,5
1276,30-05-2002,BB+,5
1276,21-08-2002,BBB+,4
1276,30-12-2003,BB+,5
1277,30-09-2000,A+,3
1277,30-12-2003,AAA,1
1278,30-12-2004,NR,0
1279,21-10-2002,BB+,5
1279,30-05-2003,CCC+,7
1279,30-05-2003,NR,0
1279,30-12-2003,D,8
1280,30-05-2000,A+,3
1281,30-07-2005,A+,3
1282,21-05-2001,NR,0
1283,21-08-1999,BB+,5
1284,21-05-1999,A+,3
1284,30-09-1999,A+,3
1284,21-10-2001,NR,0
1285,30-05-2000,A+,3
1285,30-07-2000,AA+,2
1285,30-05-2001,BBB+,4
1285,30-11-2001,BBB+,4
1285,25-05-2003,BBB+,4
1285,30-12-2003,BBB+,4
1286,30-05-2000,AA+,2
1286,21-10-2002,AA+,2
1286,30-05-2004,AA+,2
1287,30-12-2000,BB+,5
1287,21-05-2001,D,8
1287,30-05-2001,CCC+,7
1287,21-05-2002,NR,0
1288,21-10-2004,BBB+,4
1289,30-10-1999,AAA,1
1290,30-10-1999,A+,3
1290,30-12-1999,A+,3
1290,21-07-2001,A+,3
1291,21-09-2000,AA+,2
1291,30-12-2002,A+,3
1291,30-12-2004,AA+,2
1292,21-10-2002,A+,3
1293,30-12-2000,A+,3
1293,30-11-2001,A+,3
1293,21-08-2002,A+,3
1294,21-05-1999,A+,3
1294,30-08-2001,A+,3
1294,30-12-2001,A+,3
1294,21-05-2002,BBB+,4
1294,30-12-2003,BBB+,4
1295,30-12-2002,A+,3
1296,30-05-2002,A+,3
1297,21-05-2002,A+,3
1297,30-12-2002,BBB+,4
1298,21-05-2000,AA+,2
1298,30-12-2002,AAA,1
1299,30-12-2002,AA+,2
1300,21-10-1999,BB+,5
1300,30-06-2001,BB+,5
1300,22-05-2003,NR,0
1301,27-11-1999,A+,3
1301,21-05-2004,A+,3
1302,21-10-2000,A+,3
1302,27-05-2003,A+,3
1303,21-05-2001,A+,3
1303,30-05-2004,A+,3
1304,30-08-1999,NR,0
1305,21-05-2000,A+,3
1305,30-05-2000,NR,0
1305,30-12-2003,B+,6
1306,30-08-1999,BB+,5
1306,30-12-1999,B+,6
1306,21-05-2003,B+,6
1307,30-09-2004,NR,0
1308,30-09-1999,AA+,2
1308,30-12-1999,NR,0
1309,21-05-2000,A+,3
1309,30-05-2004,A+,3
1310,28-05-2003,A+,3
1310,30-12-2004,AA+,2
1311,30-09-2001,BB+,5
1311,30-12-2002,B+,6
1311,27-05-2005,B+,6
1312,30-07-2002,A+,3
1313,30-12-2001,A+,3
1313,30-12-2002,NR,0
1314,21-05-2002,A+,3
1314,30-12-2005,BBB+,4
1315,21-05-1999,AA+,2
1315,21-05-2001,AA+,2
1315,21-08-2002,AA+,2
1315,27-05-2003,NR,0
1316,21-06-2003,B+,6
1316,30-12-2003,BB+,5
1316,30-05-2004,B+,6
1317,30-05-2000,A+,3
1318,21-05-2002,A+,3
1319,30-12-1999,NR,0
1320,30-05-2001,CCC+,7
1320,30-08-2002,D,8
1320,30-12-2002,NR,0
1321,21-09-2001,AA+,2
1322,30-05-2003,AA+,2
1323,30-08-1999,A+,3
1323,21-11-2004,A+,3
1324,21-07-2001,AA+,2
1325,21-07-2001,AA+,2
1325,30-08-2002,NR,0
1326,30-10-1999,A+,3
1326,30-05-2001,A+,3
1326,30-05-2002,BBB+,4
1326,30-12-2003,BBB+,4
1327,21-05-1999,BBB+,4
1327,21-05-2002,BBB+,4
1327,30-12-2004,BBB+,4
1328,29-10-2002,NR,0
1329,30-12-1999,B+,6
1329,30-08-2000,CCC+,7
1329,21-05-2001,NR,0
1330,30-12-1999,BBB+,4
1330,21-05-2002,B+,6
1330,30-08-2002,BB+,5
1331,30-10-2004,AA+,2
1332,30-05-2001,NR,0
1333,30-12-1999,BB+,5
1333,30-05-2000,BB+,5
1334,30-06-2002,NR,0
1335,30-12-2002,AA+,2
1335,30-12-2004,A+,3
1336,24-08-2002,AA+,2
1337,30-12-2003,A+,3
1338,30-11-2004,BBB+,4
1338,30-12-2004,NR,0
1339,21-05-2000,BBB+,4
1340,30-12-2002,NR,0
1341,30-12-2002,BBB+,4
1341,30-09-2005,BBB+,4
1342,30-05-2000,A+,3
1342,30-05-2002,A+,3
1342,30-05-2004,BBB+,4
1343,21-05-1999,B+,6
1343,30-12-2003,NR,0
1344,30-12-1999,B+,6
1344,30-11-2003,CCC+,7
1344,30-12-2005,D,8
1345,30-08-2003,NR,0
1346,30-12-1999,BBB+,4
1346,30-05-2004,BBB+,4
1347,21-05-1999,BB+,5
1347,21-08-1999,B+,6
1347,21-05-2002,B+,6
1347,30-12-2003,NR,0
1348,21-11-2000,AA+,2
1348,30-12-2002,AA+,2
1349,30-05-1999,BB+,5
1349,30-10-2002,B+,6
1349,21-05-2005,BB+,5
1350,30-09-1999,BBB+,4
1350,30-05-2001,BBB+,4
1350,30-10-2002,BB+,5
1350,30-05-2004,BBB+,4
1350,21-05-2005,NR,0
1351,21-05-1999,BB+,5
1351,30-12-2001,BBB+,4
1351,30-11-2004,BBB+,4
1352,30-11-1999,BB+,5
1352,23-09-2001,BBB+,4
1352,21-05-2004,BBB+,4
1353,21-12-2004,BBB+,4
1354,21-10-2000,BBB+,4
1354,30-10-2004,A+,3
1355,21-11-2004,A+,3
1356,30-12-2001,B+,6
1356,30-05-2003,NR,0
1357,30-08-1999,NR,0
1358,21-05-1999,BBB+,4
1358,30-12-2000,BBB+,4
1358,30-05-2002,NR,0
1359,30-12-1999,BBB+,4
1359,21-05-2000,BBB+,4
1359,30-12-2001,BBB+,4
1359,21-05-2003,NR,0
1359,30-10-2003,BBB+,4
1359,21-05-2004,BBB+,4
1360,21-05-1999,BB+,5
1360,30-05-2001,BBB+,4
1360,30-09-2004,BBB+,4
1361,30-12-2001,A+,3
1361,30-12-2002,BBB+,4
1361,21-05-2003,BBB+,4
1361,21-05-2003,BB+,5
1361,21-09-2003,BB+,5
1361,30-09-2003,BBB+,4
1361,21-10-2004,BBB+,4
1361,30-10-2004,B+,6
1361,30-05-2005,NR,0
1362,30-10-1999,BBB+,4
1362,30-12-2003,BBB+,4
1363,30-12-2001,BBB+,4
1363,21-05-2002,BBB+,4
1364,30-08-2005,AA+,2
1365,21-05-2002,BBB+,4
1366,21-08-2004,AA+,2
1367,30-09-2001,BBB+,4
1368,21-05-2001,BBB+,4
1369,30-12-2004,A+,3
1369,30-05-2005,NR,0
1370,30-07-1999,BBB+,4
1370,21-07-2000,BBB+,4
1371,30-12-2001,NR,0
1372,21-12-2004,NR,0
1373,21-05-1999,CCC+,7
1373,30-05-2001,NR,0
1374,21-05-1999,BB+,5
1374,30-10-2000,BB+,5
1374,30-05-2001,BBB+,4
1374,21-11-2001,BBB+,4
1374,30-05-2005,BBB+,4
1375,30-12-2002,A+,3
1376,21-08-2002,AAA,1
1377,21-05-2003,A+,3
1378,30-12-2001,A+,3
1379,23-05-2002,BBB+,4
1380,23-05-2000,A+,3
1380,30-05-2001,BBB+,4
1380,30-05-2001,B+,6
1380,24-08-2001,BBB+,4
1380,21-10-2001,B+,6
1380,30-12-2002,BBB+,4
1380,30-12-2002,BBB+,4
1380,30-05-2005,A+,3
1381,30-05-2000,BBB+,4
1381,21-08-2001,B+,6
1381,22-09-2001,D,8
1381,21-10-2001,BBB+,4
1381,30-12-2001,BBB+,4
1381,30-12-2003,NR,0
1382,21-11-2001,BBB+,4
1382,21-06-2002,BB+,5
1383,30-05-2002,BBB+,4
1383,30-12-2002,A+,3
1383,21-05-2004,A+,3
1384,30-12-2002,A+,3
1384,30-12-2002,BBB+,4
1384,30-09-2004,A+,3
1385,26-05-2001,A+,3
1385,21-06-2001,BBB+,4
1385,30-12-2001,BBB+,4
1385,30-05-2002,B+,6
1385,21-10-2002,CCC+,7
1385,30-12-2002,BBB+,4
1385,30-12-2002,BB+,5
1386,30-12-2004,BBB+,4
1387,21-06-2001,BB+,5
1387,30-05-2003,CCC+,7
1388,21-05-2000,AA+,2
1388,30-12-2003,AA+,2
1389,30-12-2000,A+,3
1390,21-05-2002,BBB+,4
1390,30-12-2002,B+,6
1390,30-12-2003,B+,6
1390,30-07-2004,BB+,5
1391,21-05-2002,BBB+,4
1391,30-05-2002,BB+,5
1391,30-09-2002,BBB+,4
1392,21-06-1999,BB+,5
1392,30-07-1999,CCC+,7
1392,21-08-1999,B+,6
1392,30-10-2000,NR,0
1393,30-09-2000,AA+,2
1394,21-08-2002,A+,3
1394,30-05-2003,NR,0
1395,21-11-2001,BBB+,4
1395,30-12-2002,BB+,5
1395,21-05-2003,CCC+,7
1395,21-05-2003,D,8
1395,21-10-2003,NR,0
1396,21-05-2004,AA+,2
1397,21-11-2002,A+,3
1398,21-11-2002,A+,3
1398,30-05-2005,NR,0
1399,21-06-2001,BBB+,4
1399,21-07-2003,BBB+,4
1400,21-05-2003,BB+,5
1401,30-12-1999,B+,6
1401,30-05-2000,A+,3
1401,30-05-2001,A+,3
1401,21-10-2001,BBB+,4
1401,21-05-2002,BBB+,4
1401,30-09-2002,BB+,5
1402,21-07-1999,B+,6
1402,27-07-1999,BB+,5
1402,30-05-2000,CCC+,7
1402,30-12-2002,D,8
1402,30-12-2002,NR,0
1403,30-12-2001,BB+,5
1403,21-05-2002,B+,6
1403,30-05-2002,CCC+,7
1403,30-05-2002,CCC+,7
1403,30-10-2002,CCC+,7
1403,30-11-2002,B+,6
1403,30-12-2002,D,8
1403,21-05-2003,NR,0
1403,30-10-2004,CCC+,7
1403,30-11-2005,B+,6
1404,21-05-1999,B+,6
1404,30-05-1999,B+,6
1404,30-09-2002,B+,6
1404,30-12-2002,CCC+,7
1404,30-11-2003,CCC+,7
1404,30-10-2004,NR,0
1405,23-07-1999,AA+,2
1405,21-05-2003,AA+,2
1406,30-12-2001,A+,3
1407,21-10-2000,AA+,2
1407,30-05-2003,AA+,2
1408,21-05-2002,B+,6
1409,21-05-2001,AA+,2
1409,30-10-2002,AA+,2
1410,30-09-2001,AA+,2
1411,30-10-2002,B+,6
1411,30-12-2004,BB+,5
1412,30-05-1999,BBB+,4
1412,30-12-2001,BBB+,4
1413,21-05-2000,BBB+,4
1413,21-05-2004,BBB+,4
1413,30-05-2004,BB+,5
1413,30-11-2005,BBB+,4
1414,30-12-1999,BBB+,4
1415,21-05-1999,BB+,5
1415,30-09-2003,B+,6
1416,26-12-2004,A+,3
1417,29-07-2003,B+,6
1418,24-05-2002,AA+,2
1419,30-05-2001,AA+,2
1419,30-10-2002,BBB+,4
1419,30-12-2002,A+,3
1419,30-12-2002,BBB+,4
1419,30-12-2002,BB+,5
1419,30-12-2002,B+,6
1419,27-05-2004,BB+,5
1420,30-12-1999,A+,3
1421,30-05-2003,NR,0
1422,30-12-1999,A+,3
1422,21-05-2000,NR,0
1423,21-05-2000,NR,0
1424,30-12-2000,CCC+,7
1424,30-12-2000,D,8
1424,21-10-2001,NR,0
1425,30-05-2000,A+,3
1425,21-05-2002,BBB+,4
1426,30-05-2003,NR,0
1427,21-10-2000,B+,6
1427,30-12-2001,B+,6
1427,30-06-2004,CCC+,7
1427,30-12-2004,B+,6
1428,30-12-2000,BB+,5
1428,30-12-2000,D,8
1429,30-05-2003,BB+,5
1430,21-05-2003,A+,3
1431,25-05-2001,BBB+,4
1431,30-07-2001,CCC+,7
1431,22-12-2003,BB+,5
1431,30-12-2003,B+,6
1431,21-05-2004,BBB+,4
1431,21-05-2005,BBB+,4
1432,30-05-2001,BBB+,4
1432,30-05-2002,BBB+,4
1432,30-05-2002,BB+,5
1432,30-05-2002,B+,6
1432,21-09-2002,BBB+,4
1432,30-12-2003,B+,6
1432,28-05-2004,BB+,5
1432,24-08-2004,A+,3
1433,30-05-2002,NR,0
1434,30-05-2002,BBB+,4
1434,21-07-2002,BB+,5
1434,30-09-2002,BBB+,4
1434,30-10-2002,A+,3
1435,21-11-2001,BBB+,4
1436,30-08-2000,NR,0
1437,30-12-1999,AA+,2
1437,30-07-2003,A+,3
1437,21-09-2004,A+,3
1438,21-09-2000,BBB+,4
1439,30-05-1999,B+,6
1439,30-05-1999,B+,6
1439,21-05-2000,BB+,5
1439,30-09-2000,B+,6
1439,22-05-2001,BB+,5
1440,21-07-2000,CCC+,7
1440,30-05-2001,D,8
1440,21-10-2001,NR,0
1441,27-07-2000,AA+,2
1441,30-12-2001,AA+,2
1442,30-12-2001,A+,3
1442,30-09-2002,BBB+,4
1442,21-05-2004,BBB+,4
1443,30-12-2002,BBB+,4
1444,21-05-1999,BBB+,4
1444,21-05-2002,BB+,5
1444,28-05-2003,BBB+,4
1445,30-05-1999,A+,3
1445,30-11-2000,AA+,2
1446,30-05-2000,CCC+,7
1446,30-07-2000,CCC+,7
1446,21-05-2001,NR,0
1447,30-08-2001,NR,0
1448,21-07-1999,CCC+,7
1448,30-06-2004,B+,6
1449,30-05-2000,BBB+,4
1449,30-10-2002,BBB+,4
1449,30-12-2002,NR,0
1450,30-08-2004,NR,0
1451,30-12-1999,B+,6
1451,21-05-2001,B+,6
1451,21-05-2002,CCC+,7
1451,30-05-2004,NR,0
1452,23-05-2001,A+,3
1452,21-05-2004,A+,3
1453,30-07-2003,NR,0
1454,21-05-1999,NR,0
1454,30-05-2003,D,8
1454,30-12-2003,CCC+,7
1454,30-05-2004,NR,0
1455,21-05-2000,NR,0
1456,30-11-1999,A+,3
1456,30-12-2001,BBB+,4
1457,30-12-1999,A+,3
1457,30-05-2000,BBB+,4
1457,21-10-2000,BBB+,4
1457,21-05-2001,BB+,5
1457,24-05-2002,BB+,5
1457,30-05-2004,BB+,5
1457,21-05-2005,BB+,5
1458,30-10-1999,A+,3
1458,21-05-2004,BBB+,4
1459,21-12-1999,AAA,1
1459,21-07-2003,NR,0
1460,30-12-1999,BBB+,4
1460,21-05-2002,BBB+,4
1460,23-10-2002,NR,0
1461,30-05-2003,BBB+,4
1462,21-08-2000,BBB+,4
1463,21-06-2000,A+,3
1464,30-05-1999,BB+,5
1464,21-08-1999,BBB+,4
1464,21-06-2000,BBB+,4
1464,23-09-2001,BBB+,4
1465,21-10-1999,BBB+,4
1465,30-11-2001,BBB+,4
1466,30-05-1999,BBB+,4
1467,21-05-2000,A+,3
1467,21-06-2002,A+,3
1468,30-06-1999,BBB+,4
1468,30-11-2000,BB+,5
1468,30-12-2000,BB+,5
1468,30-06-2001,B+,6
1468,30-11-2002,B+,6
1469,30-05-2001,AA+,2
1470,30-12-2003,NR,0
1471,30-10-2004,AA+,2
1472,30-12-1999,BB+,5
1472,21-08-2000,B+,6
1473,30-05-2003,NR,0
1473,30-08-2003,A+,3
1474,30-12-2000,NR,0
1475,30-10-2000,AA+,2
1475,30-05-2002,AAA,1
1475,21-05-2003,NR,0
1476,21-08-2000,B+,6
1476,30-12-2001,BB+,5
1476,30-12-2002,BB+,5
1476,21-06-2004,BB+,5
1477,30-05-1999,A+,3
1477,27-06-2001,BBB+,4
1477,30-06-2001,BBB+,4
1477,30-10-2005,BBB+,4
1478,28-05-1999,NR,0
1479,30-05-1999,BBB+,4
1479,30-10-2005,BBB+,4
1480,24-05-2001,A+,3
1481,21-05-1999,AA+,2
1481,21-05-2002,NR,0
1482,30-05-2003,BBB+,4
1482,30-11-2003,BBB+,4
1483,30-12-2001,NR,0
1484,21-05-2003,BBB+,4
1484,30-05-2003,BBB+,4
1485,30-08-2004,BB+,5
1485,21-05-2005,B+,6
1486,30-10-2000,BBB+,4
1486,30-12-2001,A+,3
1487,30-11-2003,B+,6
1488,30-12-2002,BBB+,4
1489,21-10-1999,B+,6
1489,30-05-2001,CCC+,7
1489,21-07-2002,D,8
1489,30-10-2002,D,8
1489,21-05-2004,NR,0
1490,30-12-2003,A+,3
1491,30-05-1999,BB+,5
1491,30-09-1999,BB+,5
1491,30-05-2003,B+,6
1491,30-10-2005,BB+,5
1492,21-08-1999,NR,0
1493,21-05-2001,BBB+,4
1494,30-09-2000,AA+,2
1495,30-12-2003,BB+,5
1496,21-07-2001,NR,0
1497,30-05-2004,B+,6
1498,30-05-2001,BB+,5
1499,30-12-1999,BBB+,4
1499,30-12-2002,A+,3
1500,21-05-1999,BB+,5
1500,21-05-2001,B+,6
1500,30-12-2001,CCC+,7
1500,30-12-2003,NR,0
1501,29-05-2002,BB+,5
1501,30-12-2002,NR,0
1501,30-05-2003,BB+,5
1502,30-05-2001,BBB+,4
1502,22-05-2002,BBB+,4
1503,30-08-2004,CCC+,7
1504,30-05-2000,AA+,2
1505,30-12-2003,A+,3
1506,30-10-2001,BBB+,4
1506,30-12-2004,BB+,5
1507,30-06-2002,BBB+,4
1507,21-11-2002,BB+,5
1508,30-05-2000,A+,3
1508,30-12-2002,BBB+,4
1508,21-09-2003,BBB+,4
1509,21-09-2003,BBB+,4
1510,21-05-2005,B+,6
1511,30-10-2001,A+,3
1512,21-07-2003,NR,0
1513,21-05-2002,NR,0
1514,30-12-2000,BBB+,4
1514,30-12-2002,BB+,5
1514,30-12-2002,B+,6
1514,30-05-2004,B+,6
1515,30-05-1999,BB+,5
1515,21-07-2000,NR,0
1516,30-05-2003,NR,0
1517,30-12-2001,NR,0
1517,21-12-2003,AA+,2
1518,30-05-2001,AA+,2
1519,21-05-2003,A+,3
1520,21-06-2004,NR,0
1521,30-05-2001,NR,0
1521,30-12-2001,BBB+,4
1521,30-10-2002,BBB+,4
1521,30-05-2003,BB+,5
1521,21-06-2004,A+,3
1522,30-05-2005,AA+,2
1523,30-05-2004,A+,3
1524,30-05-2004,A+,3
1525,30-05-2004,BBB+,4
1526,21-06-2002,BBB+,4
1526,21-05-2004,BBB+,4
1527,30-05-2001,CCC+,7
1527,21-08-2004,CCC+,7
1527,30-12-2004,NR,0
1528,21-05-1999,BBB+,4
1528,30-05-2000,BBB+,4
1529,30-10-2001,BBB+,4
1529,30-10-2002,BB+,5
1530,21-05-2000,BB+,5
1530,30-09-2001,BB+,5
1530,30-12-2001,BBB+,4
1531,24-08-1999,BBB+,4
1531,30-10-2004,BBB+,4
1532,21-05-2003,BBB+,4
1533,30-12-2002,BBB+,4
1534,30-08-1999,BBB+,4
1534,21-05-2000,A+,3
1534,30-05-2004,A+,3
1535,21-05-1999,NR,0
1536,30-10-2000,A+,3
1536,27-05-2002,NR,0
1536,30-05-2002,A+,3
1537,30-11-2004,NR,0
1538,30-12-2000,A+,3
1538,30-12-2001,A+,3
1539,21-10-2002,NR,0
1539,30-12-2002,BB+,5
1540,28-05-2001,A+,3
1541,21-07-2002,AAA,1
1542,21-05-2000,A+,3
1542,30-12-2001,AAA,1
1542,30-12-2002,NR,0
1543,30-12-1999,BBB+,4
1543,30-11-2001,BBB+,4
1544,30-05-2000,A+,3
1544,21-05-2004,A+,3
1545,30-08-2000,NR,0
1546,23-05-1999,B+,6
1546,30-12-1999,BB+,5
1546,30-05-2000,NR,0
1547,30-08-2000,BBB+,4
1547,21-05-2003,NR,0
1548,21-05-2000,AA+,2
1548,21-05-2002,A+,3
1549,30-12-2003,BB+,5
1549,30-12-2003,B+,6
1550,30-12-2003,A+,3
1550,21-09-2004,A+,3
1551,30-05-2001,BBB+,4
1551,30-10-2003,NR,0
1552,21-05-2000,BB+,5
1552,21-07-2000,CCC+,7
1552,30-12-2000,D,8
1552,30-12-2000,CCC+,7
1552,21-10-2003,NR,0
1553,30-05-1999,BBB+,4
1553,21-09-2004,BBB+,4
1554,30-12-2002,NR,0
1555,30-12-2004,AA+,2
1556,24-05-1999,NR,0
1557,30-05-2004,NR,0
1558,30-05-1999,B+,6
1558,30-08-2000,CCC+,7
1558,30-06-2001,CCC+,7
1558,30-08-2001,CCC+,7
1558,25-05-2002,D,8
1558,21-05-2004,CCC+,7
1558,30-12-2004,CCC+,7
1559,21-05-2000,A+,3
1559,26-05-2001,A+,3
1559,30-12-2002,A+,3
1559,30-05-2003,NR,0
1560,21-11-2000,NR,0
1561,30-05-2000,A+,3
1561,21-10-2001,A+,3
1561,30-10-2001,A+,3
1561,30-10-2004,NR,0
1562,24-06-2000,BB+,5
1562,30-12-2004,BB+,5
1562,30-08-2005,BB+,5
1563,21-07-1999,B+,6
1563,21-09-1999,BBB+,4
1563,30-12-1999,BB+,5
1563,30-05-2000,B+,6
1563,30-05-2000,CCC+,7
1563,30-12-2000,CCC+,7
1563,21-06-2001,CCC+,7
1563,30-12-2003,CCC+,7
1563,24-05-2004,CCC+,7
1564,30-06-2001,A+,3
1564,30-11-2003,NR,0
1565,23-05-2001,AA+,2
1565,30-05-2001,AA+,2
1566,30-11-2002,BBB+,4
1566,21-05-2005,BBB+,4
1567,30-05-2000,BBB+,4
1567,21-05-2003,NR,0
1568,30-12-1999,BB+,5
1568,21-09-2001,B+,6
1568,21-11-2001,D,8
1568,30-05-2002,NR,0
1569,26-05-1999,A+,3
1570,30-12-2001,A+,3
1570,27-08-2003,A+,3
1571,30-09-1999,A+,3
1572,24-05-2002,BBB+,4
1572,21-05-2003,NR,0
1573,30-07-2002,BBB+,4
1574,30-12-2001,A+,3
1574,21-05-2002,BBB+,4
1574,30-12-2003,BBB+,4
1575,30-08-1999,CCC+,7
1575,30-05-2001,B+,6
1575,30-07-2002,B+,6
1575,30-08-2003,BB+,5
1575,21-05-2005,BB+,5
1576,21-05-2001,BBB+,4
1576,21-11-2004,BB+,5
1577,21-11-1999,NR,0
1578,21-05-2000,AA+,2
1578,30-12-2001,AA+,2
1579,23-05-2000,AA+,2
1580,30-09-1999,NR,0
1581,30-05-2001,A+,3
1581,30-06-2001,A+,3
1581,21-09-2002,BBB+,4
1581,21-09-2002,BB+,5
1581,30-12-2003,NR,0
1582,21-11-2004,BBB+,4
1583,30-11-1999,NR,0
1583,30-12-1999,BB+,5
1583,30-05-2000,NR,0
1583,30-12-2000,A+,3
1584,30-05-2001,AA+,2
1584,21-06-2004,NR,0
1585,30-07-2001,BB+,5
1586,21-05-2001,BBB+,4
1586,28-05-2001,CCC+,7
1586,30-08-2002,BB+,5
1586,21-07-2003,BBB+,4
1586,30-12-2003,NR,0
1587,21-10-2001,NR,0
1588,24-05-1999,NR,0
1589,30-08-1999,AA+,2
1589,30-06-2000,AA+,2
1589,21-10-2000,A+,3
1589,30-05-2001,A+,3
1589,30-06-2001,A+,3
1589,30-05-2004,BBB+,4
1590,30-12-2001,A+,3
1590,30-12-2003,A+,3
1591,30-11-1999,B+,6
1591,30-12-1999,B+,6
1591,24-08-2001,CCC+,7
1591,30-12-2003,B+,6
1591,30-12-2004,B+,6
1592,30-12-1999,BBB+,4
1592,30-05-2001,BBB+,4
1592,30-05-2002,BBB+,4
1592,26-05-2003,A+,3
1592,30-05-2003,NR,0
1593,30-12-1999,A+,3
1593,21-07-2002,A+,3
1594,30-12-2004,NR,0
1595,30-12-2002,A+,3
1595,30-12-2003,AA+,2
1596,29-05-1999,A+,3
1596,21-06-1999,A+,3
1596,30-12-2001,A+,3
1597,21-05-1999,A+,3
1597,24-05-1999,A+,3
1597,30-12-2001,AA+,2
1597,28-05-2004,NR,0
1598,26-05-1999,A+,3
1598,30-12-1999,A+,3
1598,30-12-2004,A+,3
1599,30-12-2000,A+,3
1600,30-06-1999,BB+,5
1600,30-05-2003,BBB+,4
1601,21-07-1999,BB+,5
1602,30-07-2004,B+,6
1603,30-05-2004,NR,0
1604,30-06-2003,A+,3
1604,21-05-2004,BBB+,4
1605,30-12-2001,AA+,2
1605,30-06-2002,A+,3
1606,21-07-2001,A+,3
1606,21-12-2002,A+,3
1607,30-05-2005,BBB+,4
1608,21-05-2003,AA+,2
1609,21-07-1999,D,8
1609,30-05-2001,NR,0
1610,21-11-2002,B+,6
1610,21-06-2003,B+,6
1611,30-05-2004,NR,0
1612,30-12-2000,BB+,5
1612,30-08-2002,BB+,5
1612,30-05-2003,NR,0
1613,21-05-2003,A+,3
1613,30-11-2003,NR,0
1614,30-05-2001,BBB+,4
1614,30-05-2002,NR,0
1615,30-08-2001,BBB+,4
1615,29-05-2002,NR,0
1615,30-05-2002,BBB+,4
1615,30-05-2002,BB+,5
1616,21-10-2002,A+,3
1616,22-05-2005,NR,0
1617,30-09-2001,BBB+,4
1618,30-12-2002,BBB+,4
1618,21-09-2004,BBB+,4
1618,30-09-2005,BB+,5
1619,21-11-1999,A+,3
1619,21-05-2002,BBB+,4
1619,30-12-2004,BBB+,4
1619,27-05-2005,BB+,5
1620,21-08-2004,A+,3
1621,30-12-2003,AA+,2
1622,30-12-2001,BB+,5
1622,30-12-2003,B+,6
1623,21-07-1999,BBB+,4
1623,26-05-2000,BB+,5
1623,30-05-2000,BB+,5
1623,30-12-2000,B+,6
1623,21-10-2004,BB+,5
1624,30-09-1999,CCC+,7
1624,21-05-2000,NR,0
1625,21-06-1999,A+,3
1625,21-09-2000,A+,3
1625,30-12-2003,AA+,2
1626,30-05-1999,A+,3
1626,28-08-2000,A+,3
1626,30-12-2003,A+,3
1627,30-10-2001,NR,0
1628,21-05-2004,AA+,2
1629,29-05-2002,A+,3
1629,30-12-2002,A+,3
1630,30-12-1999,B+,6
1630,30-12-2004,BB+,5
1631,30-12-2004,BBB+,4
1631,30-12-2004,NR,0
1632,30-05-1999,BBB+,4
1632,21-05-2000,NR,0
1633,30-12-2002,A+,3
1634,30-11-1999,B+,6
1634,30-05-2000,CCC+,7
1634,30-12-2001,NR,0
1635,21-05-1999,AA+,2
1636,21-05-2002,BB+,5
1636,30-05-2002,B+,6
1637,30-05-2001,D,8
1637,30-10-2001,B+,6
1637,30-05-2004,CCC+,7
1638,22-05-2003,A+,3
1638,30-09-2004,AA+,2
1639,21-08-2000,A+,3
1639,25-06-2003,A+,3
1640,30-07-2005,AA+,2
1641,21-08-2001,AA+,2
1641,30-08-2005,AA+,2
1642,21-05-2005,AA+,2
1643,25-05-2002,AAA,1
1644,30-12-2001,A+,3
1645,30-12-1999,NR,0
1646,21-05-2001,A+,3
1647,30-12-2004,A+,3
1648,28-05-2001,BB+,5
1648,21-05-2003,BB+,5
1648,30-12-2004,BBB+,4
1649,30-12-2001,BBB+,4
1650,30-12-2003,AA+,2
1650,30-12-2004,AAA,1
1651,30-05-2002,A+,3
1652,21-10-2000,A+,3
1652,21-08-2002,AA+,2
1653,30-06-2000,AA+,2
1653,30-05-2003,AA+,2
1653,21-07-2004,A+,3
1654,30-12-2000,BB+,5
1654,30-05-2001,NR,0
1654,21-05-2005,BBB+,4
1655,30-05-1999,NR,0
1656,30-05-2001,BBB+,4
1656,30-05-2002,BBB+,4
1656,28-05-2003,BB+,5
1657,30-05-2002,A+,3
1657,21-07-2004,AA+,2
1658,30-12-2001,BBB+,4
1659,30-05-2000,AA+,2
1659,30-05-2003,AA+,2
1659,30-05-2004,A+,3
1660,30-05-2001,CCC+,7
1660,21-05-2002,BB+,5
1660,25-11-2003,BBB+,4
1660,30-05-2004,BBB+,4
1661,30-12-2001,NR,0
1662,21-09-2000,A+,3
1662,21-10-2002,BBB+,4
1663,30-05-2001,A+,3
1664,30-06-1999,A+,3
1664,21-10-1999,BBB+,4
1664,30-12-2002,BBB+,4
1664,30-11-2003,B+,6
1665,21-11-1999,BBB+,4
1665,21-09-2002,BBB+,4
1665,30-12-2002,BB+,5
1665,21-05-2003,CCC+,7
1666,30-12-1999,AA+,2
1666,30-06-2003,AA+,2
1666,30-05-2004,A+,3
1666,21-07-2004,A+,3
1667,30-05-1999,AA+,2
1667,21-05-2003,A+,3
1667,21-05-2004,A+,3
1668,30-12-2003,A+,3
1669,30-12-2004,B+,6
1670,21-09-1999,BBB+,4
1670,30-05-2002,BBB+,4
1671,21-09-1999,BB+,5
1671,30-10-2000,BBB+,4
1671,21-05-2002,BBB+,4
1672,30-12-2000,BBB+,4
1672,21-05-2001,BBB+,4
1672,30-12-2002,BB+,5
1672,30-11-2003,B+,6
1672,30-05-2004,B+,6
1673,30-07-1999,A+,3
1674,30-07-1999,NR,0
1675,22-05-2002,A+,3
1675,21-11-2004,NR,0
1676,30-12-1999,AA+,2
1676,21-05-2003,A+,3
1676,21-06-2004,A+,3
1677,30-12-1999,AA+,2
1677,30-08-2003,A+,3
1677,21-06-2004,A+,3
1678,21-05-1999,A+,3
1679,30-06-1999,AA+,2
1679,21-05-2003,AA+,2
1679,21-06-2004,A+,3
1679,30-12-2004,A+,3
1680,21-06-2000,A+,3
1680,30-05-2003,BBB+,4
1681,30-07-2001,BBB+,4
1681,30-05-2002,BB+,5
1682,21-08-2000,BBB+,4
1682,21-05-2002,BB+,5
1682,30-05-2002,B+,6
1682,30-05-2002,B+,6
1682,21-07-2004,B+,6
1683,21-05-1999,CCC+,7
1683,30-05-2000,NR,0
1684,30-12-2000,A+,3
1684,30-12-2002,BBB+,4
1685,30-12-1999,BB+,5
1685,30-09-2000,BBB+,4
1685,30-10-2002,BBB+,4
1685,30-05-2005,BBB+,4
1686,30-12-2001,AAA,1
1687,30-12-2000,AA+,2
1688,30-07-2000,A+,3
1689,30-05-2004,A+,3
1690,21-05-1999,AA+,2
1691,30-05-2001,A+,3
1691,30-06-2004,A+,3
1692,30-07-1999,A+,3
1692,30-12-2001,A+,3
1692,21-10-2004,AA+,2
1693,21-05-1999,A+,3
1693,30-08-1999,A+,3
1693,30-11-2000,NR,0
1694,30-12-2000,BBB+,4
1694,21-05-2002,BBB+,4
1694,21-05-2002,BB+,5
1694,21-05-2002,BB+,5
1694,30-12-2003,BB+,5
1694,30-12-2003,NR,0
1695,21-05-2000,A+,3
1695,21-05-2003,NR,0
1696,30-12-1999,NR,0
1696,21-10-2003,BBB+,4
1696,24-09-2004,NR,0
1697,30-12-2002,A+,3
1698,24-08-2001,NR,0
1699,30-09-2004,BBB+,4
1699,30-12-2005,BBB+,4
1700,30-12-1999,B+,6
1700,30-05-2002,B+,6
1701,30-12-1999,A+,3
1701,30-11-2001,A+,3
1702,21-06-2001,NR,0
1703,21-06-2002,A+,3
1704,30-05-1999,BB+,5
1704,30-12-1999,BB+,5
1704,21-11-2003,B+,6
1705,30-05-2001,A+,3
1705,21-09-2004,NR,0
1706,21-05-2000,A+,3
1706,30-12-2000,NR,0
1706,30-05-2002,AA+,2
1707,30-12-2002,AAA,1
1708,21-05-2001,A+,3
1709,21-05-1999,CCC+,7
1709,21-09-1999,CCC+,7
1709,30-05-2001,NR,0
1709,30-12-2001,D,8
1710,30-12-2002,A+,3
1711,30-05-2000,A+,3
1712,30-12-2002,A+,3
1712,30-12-2003,BBB+,4
1712,30-12-2003,NR,0
1713,30-05-2001,AA+,2
1713,21-09-2001,A+,3
1713,21-05-2002,A+,3
1713,30-05-2002,BB+,5
1713,21-08-2002,B+,6
1713,30-09-2002,BBB+,4
1713,30-12-2002,BBB+,4
1713,30-12-2004,BB+,5
1714,30-12-2000,NR,0
1714,30-12-2001,BBB+,4
1714,23-08-2004,BBB+,4
1715,21-05-1999,A+,3
1715,30-12-2004,A+,3
1716,30-06-1999,BBB+,4
1716,21-08-2000,NR,0
1717,30-12-2001,NR,0
1718,21-08-1999,NR,0
1719,30-12-2004,A+,3
1720,21-05-2005,A+,3
1721,21-05-2005,A+,3
1722,30-05-1999,A+,3
1723,24-05-1999,A+,3
1723,21-11-2004,A+,3
1724,30-12-2002,AA+,2
1724,27-05-2004,NR,0
1725,30-11-2004,BB+,5
1726,30-07-2003,BBB+,4
1726,30-12-2004,A+,3
1727,21-05-2002,AA+,2
1728,21-08-1999,B+,6
1728,30-10-1999,BB+,5
1728,30-12-1999,BB+,5
1728,30-09-2004,BB+,5
1729,21-10-2000,AA+,2
1730,30-06-2002,A+,3
1730,30-12-2003,A+,3
1731,21-09-1999,A+,3
1731,21-10-2002,NR,0
1732,30-12-1999,CCC+,7
1732,30-12-2000,D,8
1732,21-05-2001,NR,0
1732,30-08-2001,D,8
1733,21-12-2000,BB+,5
1733,30-12-2003,NR,0
1734,30-10-2000,BBB+,4
1734,21-07-2003,BBB+,4
1734,30-12-2004,BBB+,4
1735,30-12-1999,CCC+,7
1735,21-08-2000,NR,0
1735,21-05-2002,B+,6
1735,21-09-2004,B+,6
1735,21-11-2004,B+,6
1736,30-05-1999,AA+,2
1736,30-05-2002,AAA,1
1737,24-07-1999,AA+,2
1737,21-05-2000,AA+,2
1737,21-05-2003,AA+,2
1738,30-12-2001,AA+,2
1738,30-10-2004,AA+,2
1739,30-06-2001,NR,0
1739,21-07-2004,CCC+,7
1739,21-08-2004,NR,0
1740,30-12-2004,BBB+,4
1741,21-08-2002,A+,3
1741,30-10-2003,BBB+,4
1741,21-05-2004,BBB+,4
1742,30-09-2001,A+,3
1742,30-12-2002,BBB+,4
1742,28-05-2004,BB+,5
1743,28-05-2003,NR,0
1744,30-08-1999,A+,3
1744,30-12-2002,A+,3
1745,30-08-1999,A+,3
1745,30-12-2000,A+,3
1745,30-05-2001,BBB+,4
1745,21-07-2001,BBB+,4
1745,30-12-2002,BBB+,4
1745,30-05-2005,BBB+,4
1746,30-11-2000,A+,3
1746,30-05-2003,BBB+,4
1747,30-05-1999,B+,6
1747,30-06-2003,NR,0
1748,30-10-1999,BBB+,4
1748,28-05-2002,BBB+,4
1749,21-05-2001,A+,3
1749,21-07-2001,BBB+,4
1749,21-05-2002,BBB+,4
1749,21-05-2002,BBB+,4
1749,30-05-2002,BB+,5
1749,28-10-2004,BB+,5
1749,21-05-2005,BB+,5
1749,21-05-2005,BBB+,4
1750,30-12-1999,BBB+,4
1750,21-06-2002,BB+,5
1750,30-08-2003,B+,6
1751,21-05-2003,NR,0
1752,30-12-1999,BB+,5
1752,30-05-2002,B+,6
1752,30-12-2002,B+,6
1753,30-05-2001,AA+,2
1754,21-10-2000,A+,3
1755,21-08-2001,AA+,2
1756,30-06-1999,BB+,5
1756,21-11-2001,BBB+,4
1756,25-05-2004,BBB+,4
1757,30-10-2001,AA+,2
1757,28-05-2003,A+,3
1757,30-05-2003,BBB+,4
1757,21-06-2003,NR,0
1757,30-11-2004,A+,3
1758,23-12-2002,BBB+,4
1758,30-12-2003,BBB+,4
1759,21-05-2000,A+,3
1760,21-05-2002,BB+,5
1760,30-05-2002,BBB+,4
1760,21-05-2003,BBB+,4
1761,21-11-2002,BB+,5
1761,21-06-2003,B+,6
1761,30-11-2003,B+,6
1761,30-11-2003,B+,6
1762,21-11-2000,A+,3
1763,21-10-2002,BB+,5
1764,30-12-2002,BBB+,4
1765,30-12-1999,B+,6
1765,30-08-2000,B+,6
1765,30-12-2000,NR,0
1766,21-05-1999,A+,3
1766,30-07-2001,A+,3
1767,30-10-2000,BBB+,4
1767,30-12-2003,BBB+,4
1768,30-11-1999,NR,0
1769,21-08-2003,BB+,5
1770,30-11-2001,BBB+,4
1770,21-05-2003,BBB+,4
1770,21-10-2004,BBB+,4
1771,30-05-2000,A+,3
1772,30-12-2004,BBB+,4
1773,21-05-2001,BBB+,4
1773,30-05-2003,BBB+,4
1774,30-11-1999,BBB+,4
1774,30-12-2000,A+,3
1774,21-05-2004,NR,0
1775,30-07-1999,BBB+,4
1775,30-12-2000,A+,3
1775,30-12-2004,NR,0
1776,21-09-1999,B+,6
1776,30-10-1999,B+,6
1776,29-05-2000,CCC+,7
1776,30-12-2000,NR,0
1776,21-05-2001,CCC+,7
1776,30-10-2002,D,8
1776,21-11-2002,NR,0
1777,22-07-2003,NR,0
1778,30-05-1999,A+,3
1778,21-05-2000,AA+,2
1778,30-12-2000,NR,0
1779,30-12-2000,BB+,5
1779,21-07-2001,BBB+,4
1780,30-12-1999,BBB+,4
1780,30-05-2005,NR,0
1781,21-06-2000,B+,6
1782,21-12-2004,A+,3
1783,21-05-2002,A+,3
1784,21-07-2003,NR,0
1785,30-12-2001,BBB+,4
1786,30-05-2002,BBB+,4
1786,30-05-2002,BB+,5
1786,30-12-2002,B+,6
1786,21-05-2004,BB+,5
1786,30-05-2004,BB+,5
1786,30-12-2004,BBB+,4
1787,30-12-1999,A+,3
1787,30-06-2002,BBB+,4
1788,30-08-2001,BBB+,4
1788,30-12-2001,A+,3
1788,30-07-2004,BBB+,4
1788,21-08-2004,A+,3
1788,30-12-2004,A+,3
1789,30-05-2001,BBB+,4
1789,30-05-2004,A+,3
1790,21-05-1999,A+,3
1790,21-09-2004,A+,3
1791,21-05-1999,CCC+,7
1791,30-12-2000,CCC+,7
1791,21-10-2001,NR,0
1792,30-08-2000,A+,3
1792,21-10-2001,BBB+,4
1792,28-05-2002,BBB+,4
1792,21-05-2004,BB+,5
1793,30-05-2003,AAA,1
1794,25-05-2003,AAA,1
1795,30-05-2003,AAA,1
1796,30-12-2001,AA+,2
1796,21-05-2004,NR,0
1797,30-12-1999,A+,3
1797,30-10-2000,A+,3
1797,30-12-2002,AA+,2
1797,30-12-2003,NR,0
1798,30-05-2005,AA+,2
1798,30-11-2005,AA+,2
1799,28-05-2001,CCC+,7
1799,21-06-2003,NR,0
1800,30-05-1999,A+,3
1800,30-12-2002,A+,3
1801,21-05-2004,A+,3
1802,30-05-2002,CCC+,7
1802,30-12-2002,BBB+,4
1802,30-12-2002,B+,6
1802,21-07-2003,B+,6
1802,30-12-2003,B+,6
1803,21-06-1999,BB+,5
1803,30-12-1999,B+,6
1803,21-05-2001,B+,6
1803,21-07-2003,CCC+,7
1804,21-05-2002,BB+,5
1804,30-05-2002,BBB+,4
1804,21-10-2002,B+,6
1804,21-05-2003,B+,6
1804,21-10-2004,BB+,5
1805,30-05-2000,B+,6
1805,30-11-2002,CCC+,7
1805,30-05-2003,D,8
1805,30-12-2003,CCC+,7
1805,30-05-2004,CCC+,7
1805,21-08-2004,CCC+,7
1806,30-12-1999,BBB+,4
1807,30-05-2000,CCC+,7
1808,21-05-2000,NR,0
1808,30-12-2004,B+,6
1809,30-11-2002,B+,6
1809,25-05-2003,CCC+,7
1810,21-05-1999,BB+,5
1810,30-12-2002,B+,6
1810,21-05-2004,BB+,5
1811,21-05-2000,NR,0
1812,21-07-1999,B+,6
1812,21-05-2001,B+,6
1812,30-12-2002,NR,0
1813,30-12-2002,A+,3
1814,21-10-2000,AA+,2
1815,30-12-2002,A+,3
1816,21-10-2001,BB+,5
1816,30-12-2003,BB+,5
1817,21-07-2000,NR,0
1818,21-05-2002,AA+,2
1819,21-05-1999,BBB+,4
1819,21-05-2001,BBB+,4
1819,21-11-2002,BBB+,4
1819,30-12-2004,BBB+,4
1820,21-05-2001,NR,0
1821,21-05-2005,BB+,5
1822,30-12-2000,BBB+,4
1823,30-05-2002,BBB+,4
1823,30-05-2002,BB+,5
1823,30-10-2002,BBB+,4
1823,30-12-2004,BBB+,4
1824,25-05-2001,AA+,2
1825,21-06-2001,AA+,2
1825,30-12-2002,NR,0
1826,30-09-2005,AA+,2
1827,30-12-2000,NR,0
1828,21-10-1999,BBB+,4
1828,30-12-2000,NR,0
1829,30-12-1999,BBB+,4
1829,30-08-2000,A+,3
